statecounty,-7.5
01001,-82.48
01003,-47.92
01005,-92.07
01007,-67.47
01009,-36.11999999999999
01011,-95.56
01013,-91.75
01015,-71.85000000000001
01017,-89.13000000000001
01019,-62.09
01021,-17.75
01023,-86.86
01025,-88.08
01027,-34.67
01029,-30.449999999999996
01031,-92.14
01033,-74.32
01035,-83.60000000000001
01037,-46.26
01039,-84.06
01041,-88.45
01043,-27.6
01045,-72.28999999999999
01047,-89.83999999999999
01049,-24.83
01051,-88.74
01053,-76.9
01055,-58.099999999999994
01057,-28.589999999999996
01059,-18.739999999999995
01061,-67.35
01063,-87.39999999999999
01065,-94.91999999999999
01067,-94.42
01069,-84.07
01071,-48.53000000000001
01073,-61.25000000000001
01075,-72.91999999999999
01077,-73.97
01079,-53.92
01081,-87.25999999999999
01083,-90.23
01085,-95.84
01087,-85.21000000000001
01089,-82.94
01091,-89.86
01093,-19.309999999999995
01095,-47.269999999999996
01097,-52.900000000000006
01099,-95.3
01101,-91.64
01103,-71.52
01105,-90.89
01107,-74.93
01109,-90.28
01111,-43.11
01113,-89.5
01115,-23.799999999999997
01117,-34.67
01119,-90.36
01121,-63.760000000000005
01123,-91.96
01125,-78.14
01127,-34.42
01129,-84.95
01131,-95.0
01133,25.450000000000003
02013,0.0
02016,0.0
02020,0.0
02050,0.0
02060,0.0
02068,0.0
02070,0.0
02090,0.0
02100,0.0
02105,0.0
02110,0.0
02122,0.0
02130,0.0
02150,0.0
02164,0.0
02170,0.0
02180,0.0
02185,0.0
02188,0.0
02195,0.0
02198,0.0
02220,0.0
02230,0.0
02240,0.0
02261,0.0
02270,0.0
02275,0.0
02282,0.0
02290,0.0
04001,-25.919999999999995
04003,-34.53999999999999
04005,-11.169999999999995
04007,-35.99000000000001
04009,-35.00000000000001
04011,-45.010000000000005
04012,0.0
04013,-12.82
04015,-14.409999999999997
04017,-25.42
04019,-9.020000000000003
04021,-22.53
04023,-27.9
04025,-10.880000000000003
04027,-30.889999999999993
05001,-24.720000000000006
05003,-76.58
05005,-16.330000000000005
05007,7.190000000000005
05009,-22.5
05011,-82.47
05013,-76.25999999999999
05015,-10.900000000000006
05017,-70.19999999999999
05019,-51.28
05021,-15.229999999999997
05023,-17.89
05025,-72.97999999999999
05027,-68.86
05029,-42.32000000000001
05031,-41.55
05033,-19.6
05035,-61.25
05037,-58.300000000000004
05039,-64.5
05041,-72.61
05043,-62.099999999999994
05045,-44.31
05047,-44.379999999999995
05049,-11.370000000000005
05051,-26.93
05053,-53.02000000000001
05055,-46.75
05057,-54.97
05059,-31.6
05061,-45.42
05063,-19.700000000000003
05065,-35.82
05067,-69.69999999999999
05069,-44.35000000000001
05071,-37.56999999999999
05073,-73.32
05075,-32.230000000000004
05077,-60.39
05079,-76.0
05081,-49.26
05083,-27.85
05085,-49.47
05087,8.5
05089,-33.75000000000001
05091,-49.36
05093,-50.54
05095,-63.50999999999999
05097,-24.239999999999995
05099,-52.970000000000006
05101,13.579999999999998
05103,-73.89000000000001
05105,-42.72
05107,-60.64
05109,-36.529999999999994
05111,-77.89000000000001
05113,-13.259999999999998
05115,-43.44
05117,-41.129999999999995
05119,-46.03999999999999
05121,-48.07
05123,-57.3
05125,-59.46000000000001
05127,-44.13999999999999
05129,22.450000000000003
05131,-27.0
05133,-55.379999999999995
05135,-29.210000000000008
05137,-3.729999999999997
05139,-69.44
05141,-24.9
05143,-0.0800000000000054
05145,-30.580000000000005
05147,-66.06
05149,-54.08
06001,-15.870000000000005
06003,37.06
06005,-24.509999999999998
06007,-5.719999999999999
06009,-13.0
06011,-13.89
06013,-28.1
06015,10.549999999999997
06017,-20.400000000000006
06019,-28.340000000000003
06021,-0.8800000000000026
06023,-13.899999999999999
06025,8.050000000000004
06027,1.5499999999999972
06029,-11.600000000000001
06031,-30.820000000000007
06033,10.36
06035,-31.89
06037,-14.07
06039,-19.619999999999997
06041,-4.350000000000001
06043,-10.900000000000006
06045,-7.859999999999999
06047,-16.939999999999998
06049,-8.880000000000003
06051,21.9
06053,-7.839999999999996
06055,-4.390000000000001
06057,-10.369999999999997
06059,14.450000000000003
06061,-25.879999999999995
06063,-39.879999999999995
06065,8.68
06067,-33.14
06069,5.979999999999997
06071,-6.07
06073,-8.519999999999996
06075,-21.589999999999996
06077,-5.269999999999996
06079,-1.730000000000004
06081,-1.4699999999999989
06083,-7.039999999999999
06085,-5.32
06087,8.459999999999994
06089,-18.03
06091,-19.730000000000004
06093,-15.14
06095,-40.16000000000001
06097,1.1099999999999994
06099,-4.100000000000001
06101,0.45000000000000284
06103,-3.740000000000002
06105,-15.11
06107,-0.6700000000000017
06109,-15.739999999999995
06111,-19.14
06113,-15.86
06115,-15.490000000000002
08001,9.18
08003,3.3900000000000006
08005,9.46
08007,16.990000000000002
08009,23.78
08011,3.309999999999995
08013,14.830000000000005
08014,0.0
08015,-1.6400000000000006
08017,21.630000000000003
08019,11.060000000000002
08021,-7.640000000000001
08023,-25.619999999999997
08025,26.119999999999997
08027,28.419999999999995
08029,19.029999999999994
08031,-2.0700000000000003
08033,17.700000000000003
08035,31.010000000000005
08037,-1.6000000000000014
08039,38.41
08041,16.72
08043,21.71
08045,16.189999999999998
08047,12.11
08049,27.17
08051,-7.210000000000001
08053,34.06
08055,-21.57
08057,29.520000000000003
08059,14.790000000000006
08061,29.9
08063,44.86
08065,-15.36
08067,19.57
08069,31.309999999999995
08071,-23.760000000000005
08073,19.090000000000003
08075,23.54
08077,-1.5900000000000034
08079,6.219999999999999
08081,21.989999999999995
08083,14.260000000000005
08085,13.25
08087,38.61
08089,13.740000000000002
08091,24.78
08093,22.14
08095,31.08
08097,1.7999999999999972
08099,17.800000000000004
08101,-15.729999999999997
08103,32.160000000000004
08105,31.849999999999994
08107,-1.8500000000000014
08109,24.510000000000005
08111,11.93
08113,-8.020000000000003
08115,36.690000000000005
08117,15.730000000000004
08119,1.2700000000000031
08121,36.089999999999996
08123,26.369999999999997
08125,34.900000000000006
09001,2.1999999999999957
09003,-14.550000000000004
09005,11.050000000000004
09007,2.729999999999997
09009,-6.219999999999999
09011,-9.590000000000003
09013,3.030000000000001
09015,-10.560000000000002
10001,-5.530000000000001
10003,-13.459999999999994
10005,5.380000000000003
11001,0.0
12001,-54.599999999999994
12003,-79.9
12005,-69.74000000000001
12007,-66.66
12009,-19.959999999999994
12011,-5.099999999999994
12013,-75.80000000000001
12015,-32.28
12017,-66.84
12019,-41.28
12021,-56.099999999999994
12023,-64.24000000000001
12027,-52.06
12029,-85.86000000000001
12031,-50.22
12033,-67.16
12035,-55.72
12037,-84.03999999999999
12039,-69.56
12041,-82.82
12043,-38.919999999999995
12045,-87.69999999999999
12047,-64.16
12049,-50.56
12051,-45.78
12053,-48.66
12055,-41.47999999999999
12057,-50.47999999999999
12059,-48.97999999999999
12061,-25.980000000000004
12063,-65.94
12065,-70.13999999999999
12067,-70.97999999999999
12069,-23.239999999999995
12071,-28.520000000000003
12073,-68.72
12075,-80.69999999999999
12077,-88.56
12079,-73.44
12081,-34.400000000000006
12083,-54.63999999999999
12085,-28.860000000000007
12086,-32.879999999999995
12087,-74.56
12089,-56.419999999999995
12091,-64.25999999999999
12093,-72.69999999999999
12095,-15.280000000000001
12097,-11.480000000000004
12099,-18.5
12101,-30.22
12103,-15.439999999999998
12105,-43.72
12107,-43.120000000000005
12109,-40.81999999999999
12111,-39.66
12113,-50.300000000000004
12115,-24.019999999999996
12117,-37.0
12119,-73.88
12121,-67.9
12123,-83.44
12125,-79.74000000000001
12127,-14.400000000000006
12129,-86.62
12131,-57.699999999999996
12133,-54.03999999999999
13001,-54.599999999999994
13003,-78.97999999999999
13005,-55.24000000000001
13007,-87.82
13009,-61.96000000000001
13011,-58.97
13013,-70.96000000000001
13015,-58.199999999999996
13017,-69.2
13019,-74.44
13021,-47.919999999999995
13023,-58.56
13025,-62.66
13027,-66.38
13029,-76.86000000000001
13031,-75.03999999999999
13033,-71.18
13035,-87.97999999999999
13037,-90.41999999999999
13039,-75.94
13043,-65.1
13045,-65.1
13047,-57.25999999999999
13049,-67.69999999999999
13051,-61.81999999999999
13053,-68.06
13055,-79.36000000000001
13057,-12.0
13059,-83.82
13061,-85.32
13063,-76.33
13065,-80.18
13067,-57.5
13069,-63.24000000000001
13071,-53.66
13073,-75.18
13075,-69.97999999999999
13077,-90.63999999999999
13079,-43.120000000000005
13081,-69.36000000000001
13083,-69.6
13085,-15.659999999999997
13087,-69.06
13089,-65.05
13091,-71.68
13093,-81.34
13095,-80.88
13097,-49.46000000000001
13099,-91.58000000000001
13101,-83.46000000000001
13103,-8.519999999999996
13105,-61.68000000000001
13107,-67.49
13109,-73.11
13111,20.799999999999997
13113,-77.72
13115,-61.84
13117,-20.200000000000003
13119,-61.52000000000001
13121,-65.72
13123,-5.420000000000002
13125,-32.78
13127,-67.63999999999999
13129,-40.489999999999995
13131,-76.32
13133,-79.05
13135,-64.80000000000001
13137,-57.03999999999999
13139,-58.760000000000005
13141,-55.419999999999995
13143,-15.599999999999994
13145,-83.74000000000001
13147,-72.75999999999999
13149,-50.13999999999999
13151,-81.16
13153,-47.580000000000005
13155,-53.800000000000004
13157,-77.62
13159,-80.06
13161,-72.0
13163,-58.400000000000006
13165,-74.72
13167,-52.580000000000005
13169,-54.13
13171,-75.30000000000001
13173,-87.96000000000001
13175,-67.25999999999999
13177,-88.6
13179,-59.53999999999999
13181,-45.81999999999999
13183,-42.28
13185,-67.82
13187,-61.74000000000001
13189,-61.919999999999995
13191,-46.06
13193,-68.22
13195,-64.58
13197,-75.47999999999999
13199,-84.1
13201,-86.4
13205,-81.19999999999999
13207,-46.81999999999999
13209,-71.78999999999999
13211,-91.32
13213,-34.400000000000006
13215,-65.72
13217,-88.53999999999999
13219,-49.02000000000001
13221,-68.4
13223,-27.200000000000003
13225,-59.13999999999999
13227,0.9599999999999937
13229,-73.25999999999999
13231,-69.6
13233,-70.69999999999999
13235,-83.0
13237,-80.9
13239,-91.38
13241,-74.16
13243,-83.24000000000001
13245,-71.44
13247,-81.58000000000001
13249,-79.78
13251,-63.919999999999995
13253,-85.68
13255,-85.61000000000001
13257,-69.06
13259,-76.88
13261,-77.75999999999999
13263,-89.74000000000001
13265,-96.96000000000001
13267,-42.18000000000001
13269,-48.36000000000001
13271,-74.44
13273,-94.19999999999999
13275,-51.63000000000001
13277,-60.900000000000006
13279,-77.02000000000001
13281,-25.560000000000002
13283,-92.66
13285,-80.86000000000001
13287,-40.89999999999999
13289,-45.78
13291,-25.78
13293,-81.34
13295,-56.49000000000001
13297,-84.5
13299,-66.75
13301,-49.24999999999999
13303,-51.419999999999995
13305,-59.02000000000001
13307,-62.75999999999999
13309,-54.800000000000004
13311,-62.709999999999994
13313,-46.52000000000001
13315,-73.75999999999999
13317,-71.22
13319,-47.580000000000005
13321,-66.82
15001,0.0
15003,0.0
15005,0.0
15007,0.0
15009,0.0
16001,11.36
16003,-5.789999999999999
16005,-28.25
16007,-3.5600000000000023
16009,-10.329999999999998
16011,-3.0800000000000054
16013,-8.5
16015,-9.700000000000003
16017,-3.1600000000000037
16019,-9.860000000000007
16021,0.509999999999998
16023,1.7700000000000031
16025,-2.5799999999999983
16027,11.389999999999993
16029,-5.519999999999996
16031,4.859999999999999
16033,27.46
16035,-33.47
16037,-4.079999999999998
16039,-22.380000000000003
16041,-0.5399999999999991
16043,-9.319999999999993
16045,-15.399999999999999
16047,10.5
16049,-2.3100000000000023
16051,-20.189999999999998
16053,10.680000000000007
16055,-13.729999999999997
16057,0.1700000000000017
16059,2.9399999999999977
16061,-34.96
16063,8.719999999999999
16065,-11.57
16067,4.270000000000003
16069,-26.529999999999994
16071,-13.5
16073,8.740000000000002
16075,28.39
16077,5.540000000000006
16079,-25.15
16081,-7.459999999999994
16083,12.880000000000003
16085,1.2600000000000051
16087,3.970000000000006
17001,6.219999999999999
17003,0.259999999999998
17005,19.380000000000003
17007,46.59
17009,-3.0799999999999983
17011,25.630000000000003
17013,21.130000000000003
17015,36.36
17017,-3.539999999999999
17019,15.46
17021,-1.980000000000004
17023,19.389999999999993
17025,11.75
17027,26.130000000000003
17029,2.9100000000000037
17031,-15.900000000000006
17033,14.82
17035,6.050000000000004
17037,33.790000000000006
17039,11.629999999999995
17041,16.93
17043,38.14000000000001
17045,15.799999999999997
17047,42.8
17049,8.440000000000005
17051,7.550000000000004
17053,40.059999999999995
17055,-1.230000000000004
17057,10.740000000000002
17059,-2.3699999999999974
17061,-0.0799999999999983
17063,28.009999999999998
17065,10.200000000000003
17067,19.690000000000005
17069,19.4
17071,26.910000000000004
17073,19.369999999999997
17075,33.36
17077,19.46
17079,4.700000000000003
17081,-3.5
17083,9.800000000000004
17085,32.33
17087,36.75
17089,24.619999999999997
17091,14.659999999999997
17093,41.199999999999996
17095,22.53
17097,16.669999999999995
17099,12.899999999999999
17101,12.769999999999996
17103,35.89999999999999
17105,33.15
17107,24.019999999999996
17109,33.269999999999996
17111,47.41
17113,15.950000000000003
17115,-7.519999999999996
17117,-1.6000000000000014
17119,-17.010000000000005
17121,-3.4200000000000017
17123,23.509999999999998
17125,9.330000000000005
17127,36.400000000000006
17129,22.840000000000003
17131,26.619999999999997
17133,32.15
17135,6.660000000000004
17137,12.29
17139,5.380000000000003
17141,45.730000000000004
17143,1.980000000000004
17145,14.240000000000002
17147,19.29
17149,-1.7299999999999969
17151,47.25
17153,16.740000000000002
17155,27.379999999999995
17157,9.589999999999996
17159,22.869999999999997
17161,-11.29
17163,-17.96
17165,10.469999999999999
17167,6.740000000000002
17169,4.549999999999997
17171,7.910000000000004
17173,2.299999999999997
17175,36.99
17177,21.15
17179,-6.959999999999994
17181,-2.960000000000001
17183,6.100000000000001
17185,7.1200000000000045
17187,28.590000000000003
17189,33.050000000000004
17191,17.04
17193,3.1499999999999986
17195,43.279999999999994
17197,5.18
17199,11.559999999999995
17201,5.090000000000003
17203,27.83
18001,19.21
18003,15.770000000000003
18005,3.6499999999999986
18007,27.230000000000004
18009,-1.990000000000002
18011,12.57
18013,-6.930000000000007
18015,15.21
18017,6.340000000000003
18019,-14.850000000000001
18021,7.710000000000001
18023,11.68
18025,3.1099999999999994
18027,14.82
18029,3.0799999999999983
18031,22.310000000000002
18033,21.550000000000004
18035,-3.940000000000005
18037,-4.109999999999999
18039,22.410000000000004
18041,2.779999999999994
18043,-11.170000000000002
18045,15.950000000000003
18047,19.950000000000003
18049,23.480000000000004
18051,2.789999999999999
18053,13.25
18055,9.739999999999995
18057,33.410000000000004
18059,4.899999999999999
18061,1.279999999999994
18063,21.520000000000003
18065,11.850000000000001
18067,1.25
18069,16.740000000000002
18071,2.729999999999997
18073,33.529999999999994
18075,8.96
18077,13.410000000000004
18079,17.79
18081,6.580000000000005
18083,-1.3400000000000034
18085,32.03
18087,38.49999999999999
18089,-21.72
18091,8.659999999999997
18093,27.240000000000002
18095,-6.699999999999996
18097,4.479999999999997
18099,21.630000000000003
18101,-0.9600000000000009
18103,12.369999999999997
18105,13.540000000000006
18107,19.28
18109,18.930000000000007
18111,36.28
18113,26.43
18115,3.8000000000000043
18117,20.770000000000003
18119,11.980000000000004
18121,18.759999999999998
18123,1.1199999999999974
18125,9.560000000000002
18127,21.440000000000005
18129,2.219999999999999
18131,11.96
18133,5.150000000000006
18135,25.200000000000003
18137,18.939999999999998
18139,19.980000000000004
18141,-8.299999999999997
18143,-4.789999999999999
18145,0.13000000000000256
18147,15.409999999999997
18149,12.200000000000003
18151,43.849999999999994
18153,-4.560000000000002
18155,-4.030000000000001
18157,21.589999999999996
18159,11.07
18161,26.629999999999995
18163,-5.740000000000002
18165,0.8700000000000045
18167,-6.829999999999998
18169,27.529999999999994
18171,29.660000000000004
18173,10.839999999999996
18175,1.1600000000000037
18177,10.199999999999996
18179,2.469999999999999
18181,16.979999999999997
18183,12.61
19001,19.689999999999998
19003,15.230000000000004
19005,26.78
19007,-0.8699999999999974
19009,-13.729999999999997
19011,-2.6700000000000017
19013,-2.789999999999999
19015,-10.850000000000001
19017,27.439999999999998
19019,9.54
19021,-3.4099999999999966
19023,30.43
19025,-2.4299999999999997
19027,0.35999999999999943
19029,31.33
19031,28.230000000000004
19033,-4.449999999999996
19035,7.57
19037,3.5600000000000023
19039,14.329999999999998
19041,-8.689999999999998
19043,15.700000000000003
19045,17.860000000000007
19047,13.630000000000003
19049,0.8999999999999986
19051,-3.1600000000000037
19053,-6.089999999999996
19055,34.699999999999996
19057,11.330000000000005
19059,-7.350000000000001
19061,-1.4299999999999997
19063,1.7199999999999989
19065,13.409999999999997
19067,20.64
19069,4.93
19071,6.229999999999997
19073,10.220000000000006
19075,24.58
19077,16.380000000000003
19079,-5.680000000000007
19081,4.309999999999995
19083,11.920000000000002
19085,9.219999999999999
19087,30.85
19089,-2.799999999999997
19091,-4.240000000000002
19093,15.150000000000006
19095,11.449999999999996
19097,10.199999999999996
19099,-4.190000000000005
19101,19.189999999999998
19103,-13.689999999999998
19105,11.079999999999998
19107,8.64
19109,-5.460000000000001
19111,6.5
19113,0.3999999999999986
19115,18.190000000000005
19117,10.729999999999997
19119,21.72
19121,18.810000000000002
19123,4.670000000000002
19125,-13.149999999999999
19127,13.120000000000005
19129,21.799999999999997
19131,11.57
19133,-2.4200000000000017
19135,-10.68
19137,23.479999999999997
19139,19.25
19141,12.43
19143,10.82
19145,31.019999999999996
19147,-14.600000000000001
19149,34.32000000000001
19151,-15.760000000000005
19153,-11.36
19155,8.729999999999997
19157,-0.5700000000000003
19159,19.300000000000004
19161,7.780000000000001
19163,-2.5600000000000023
19165,12.909999999999997
19167,32.03
19169,4.410000000000004
19171,-0.3500000000000014
19173,23.03
19175,22.89
19177,21.439999999999998
19179,-13.030000000000001
19181,12.39
19183,21.509999999999998
19185,1.1900000000000048
19187,-15.439999999999998
19189,2.8100000000000023
19191,7.699999999999996
19193,-4.869999999999997
19195,-11.490000000000002
19197,-3.8599999999999994
20001,37.74
20003,29.92
20005,17.409999999999997
20007,17.4
20009,19.11
20011,13.82
20013,46.18000000000001
20015,7.420000000000002
20017,20.340000000000003
20019,35.05
20021,9.920000000000002
20023,36.91
20025,12.259999999999998
20027,48.910000000000004
20029,28.89
20031,35.01
20033,23.82
20035,12.409999999999997
20037,4.660000000000004
20039,20.42
20041,32.15
20043,43.84
20045,35.59
20047,30.92
20049,40.94
20051,20.54
20053,15.399999999999999
20055,17.190000000000005
20057,15.54
20059,30.02000000000001
20061,14.600000000000001
20063,45.129999999999995
20065,33.72
20067,33.28999999999999
20069,15.21
20071,27.17
20073,28.64
20075,25.410000000000004
20077,28.549999999999997
20079,23.43
20081,20.509999999999998
20083,33.22
20085,39.91
20087,37.84
20089,50.160000000000004
20091,34.769999999999996
20093,25.21
20095,28.14
20097,40.519999999999996
20099,16.11
20101,32.82000000000001
20103,17.57
20105,44.78
20107,37.510000000000005
20109,46.17
20111,6.730000000000004
20113,26.870000000000005
20115,45.85
20117,39.42
20119,38.0
20121,14.68
20123,34.160000000000004
20125,24.810000000000002
20127,24.67
20129,25.33
20131,33.05
20133,25.200000000000003
20135,32.59
20137,42.45
20139,29.710000000000008
20141,44.25
20143,27.29
20145,8.669999999999995
20147,46.58
20149,40.330000000000005
20151,6.440000000000005
20153,24.15
20155,18.14
20157,33.44
20159,23.07
20161,41.67
20163,33.68
20165,34.029999999999994
20167,35.58
20169,19.449999999999996
20171,22.810000000000002
20173,6.050000000000004
20175,8.410000000000004
20177,18.54
20179,34.080000000000005
20181,21.93
20183,40.59
20185,13.200000000000003
20187,24.5
20189,29.429999999999993
20191,20.349999999999994
20193,19.36
20195,24.47
20197,52.6
20199,42.089999999999996
20201,54.849999999999994
20203,29.279999999999994
20205,37.709999999999994
20207,39.45
20209,-10.169999999999995
21001,17.160000000000004
21003,28.21
21005,-20.650000000000006
21007,-63.25
21009,-15.280000000000001
21011,-15.980000000000004
21013,2.1799999999999997
21015,-25.35
21017,-32.25
21019,-8.400000000000006
21021,-22.64
21023,-12.64
21025,-40.449999999999996
21027,6.479999999999997
21029,-40.86
21031,48.76
21033,-4.299999999999997
21035,-62.52
21037,2.5799999999999983
21039,-60.42999999999999
21041,-55.63000000000001
21043,20.169999999999995
21045,43.43
21047,-16.240000000000002
21049,-30.179999999999993
21051,56.809999999999995
21053,64.49000000000001
21055,26.909999999999997
21057,56.839999999999996
21059,-13.989999999999995
21061,40.980000000000004
21063,-54.0
21065,10.909999999999997
21067,-11.009999999999998
21069,1.0200000000000031
21071,-41.47999999999999
21073,-50.97
21075,-63.71000000000001
21077,-44.7
21079,7.280000000000001
21081,-19.57
21083,-57.480000000000004
21085,19.61
21087,13.509999999999998
21089,-1.3599999999999994
21091,9.399999999999999
21093,-22.009999999999998
21095,-15.79
21097,-43.14
21099,-2.020000000000003
21101,-37.269999999999996
21103,-40.51
21105,-54.46
21107,-31.839999999999996
21109,83.17
21111,-13.649999999999999
21113,-14.969999999999999
21115,35.21
21117,-16.11
21119,-65.62
21121,36.89
21123,-14.149999999999999
21125,41.150000000000006
21127,5.979999999999997
21129,15.530000000000001
21131,68.6
21133,-6.269999999999996
21135,39.03000000000001
21137,-4.970000000000006
21139,-16.739999999999995
21141,-39.5
21143,-30.599999999999994
21145,-44.02
21147,59.029999999999994
21149,-11.760000000000005
21151,-2.6600000000000037
21153,2.5
21155,-28.189999999999998
21157,-38.160000000000004
21159,56.69
21161,-7.789999999999999
21163,-27.36
21165,-26.370000000000005
21167,-20.35
21169,15.259999999999998
21171,53.63999999999999
21173,-22.309999999999995
21175,-45.36999999999999
21177,11.57
21179,-26.020000000000003
21181,-26.130000000000003
21183,17.799999999999997
21185,-30.089999999999996
21187,-66.58
21189,72.34
21191,-2.9099999999999966
21193,-12.100000000000001
21195,-9.310000000000002
21197,-6.269999999999996
21199,35.56
21201,-21.159999999999997
21203,48.19
21205,-3.4199999999999946
21207,43.47
21209,-38.83
21211,-37.50999999999999
21213,-46.98
21215,-38.029999999999994
21217,2.8599999999999994
21219,-37.2
21221,-30.569999999999993
21223,-74.75
21225,-57.57000000000001
21227,-20.659999999999997
21229,1.5100000000000051
21231,20.239999999999995
21233,-28.6
21235,46.11
21237,-23.96
21239,-22.020000000000003
22001,-62.53999999999999
22003,-73.56
22005,-72.58000000000001
22007,-53.81999999999999
22009,-85.06
22011,-49.13999999999999
22013,-43.74000000000001
22015,-59.22
22017,-37.27
22019,-61.620000000000005
22021,-38.68000000000001
22023,-84.52000000000001
22025,-61.18000000000001
22027,-59.36000000000001
22029,-65.78
22031,-55.099999999999994
22033,-65.97999999999999
22035,-44.300000000000004
22037,-59.599999999999994
22039,-83.36000000000001
22041,-61.13999999999999
22043,-55.44
22045,-52.47999999999999
22047,-67.96000000000001
22049,-63.17999999999999
22051,-70.41999999999999
22053,-33.66
22055,-73.22
22057,-70.12
22059,-59.42
22061,-24.58
22063,-75.52000000000001
22065,-38.66
22067,-59.099999999999994
22069,-39.27
22071,-63.489999999999995
22073,-41.34
22075,-67.94
22077,-68.24000000000001
22079,-68.41999999999999
22081,-40.900000000000006
22083,-62.099999999999994
22085,-32.68000000000001
22087,-92.46000000000001
22089,-83.58000000000001
22091,-72.69999999999999
22093,-67.91999999999999
22095,-74.32
22097,-69.88
22099,-87.94
22101,-73.94
22103,-66.13999999999999
22105,-47.52000000000001
22107,-59.900000000000006
22109,-73.1
22111,-37.46000000000001
22113,-74.78
22115,-50.099999999999994
22117,-84.44
22119,-60.52000000000001
22121,-84.62
22123,-41.03999999999999
22125,-41.06
22127,-22.86
23001,-27.129999999999995
23003,18.57
23005,4.43
23007,21.86
23009,37.529999999999994
23011,0.9299999999999997
23013,19.560000000000002
23015,40.07
23017,11.600000000000001
23019,12.030000000000001
23021,8.920000000000002
23023,-1.5200000000000031
23025,14.659999999999997
23027,40.699999999999996
23029,-2.960000000000001
23031,-8.259999999999998
24001,0.7800000000000011
24003,2.799999999999997
24005,12.879999999999995
24009,17.019999999999996
24011,19.739999999999995
24013,33.5
24015,-11.780000000000001
24017,19.0
24019,-5.799999999999997
24021,14.260000000000005
24023,35.94
24025,16.5
24027,3.1400000000000006
24029,-2.1400000000000006
24031,14.200000000000003
24033,-0.9200000000000017
24035,-17.64
24037,17.14
24039,9.620000000000005
24041,14.560000000000002
24043,3.6599999999999966
24045,-5.920000000000002
24047,7.200000000000003
24510,-18.340000000000003
25001,39.97
25003,-11.350000000000001
25005,-19.549999999999997
25007,22.869999999999997
25009,-2.719999999999999
25011,16.97
25013,-18.339999999999996
25015,-8.470000000000006
25017,5.780000000000001
25019,15.57
25021,16.65
25023,18.760000000000005
25025,-25.42
25027,-11.259999999999998
26001,35.290000000000006
26003,-25.15
26005,46.50000000000001
26007,21.800000000000004
26009,36.589999999999996
26011,21.339999999999996
26013,-1.2100000000000009
26015,39.67
26017,-0.46000000000000085
26019,29.980000000000004
26021,21.849999999999994
26023,35.339999999999996
26025,10.75
26027,31.33
26029,23.04
26031,15.68
26033,10.189999999999998
26035,41.72
26037,53.620000000000005
26039,18.229999999999997
26041,-17.1
26043,-14.810000000000002
26045,32.54
26047,23.04
26049,-12.0
26051,42.49000000000001
26053,-20.009999999999998
26055,34.75
26057,42.93
26059,49.3
26061,-4.969999999999999
26063,60.81999999999999
26065,18.17
26067,35.17
26069,34.870000000000005
26071,-6.930000000000007
26073,42.839999999999996
26075,24.61
26077,21.009999999999998
26079,41.28
26081,10.579999999999998
26083,-5.390000000000001
26085,18.040000000000006
26087,44.06
26089,37.00999999999999
26091,41.440000000000005
26093,43.36999999999999
26095,20.32
26097,20.650000000000006
26099,-4.8799999999999955
26101,9.25
26103,-17.770000000000003
26105,17.160000000000004
26107,41.85000000000001
26109,2.469999999999999
26111,31.299999999999997
26113,44.16
26115,13.43
26117,40.379999999999995
26119,31.090000000000003
26121,-9.32
26123,41.620000000000005
26125,3.760000000000005
26127,33.66
26129,39.64
26131,-3.520000000000003
26133,47.3
26135,29.789999999999992
26137,15.900000000000006
26139,33.220000000000006
26141,2.719999999999999
26143,45.17
26145,14.270000000000003
26147,23.65
26149,39.39
26151,64.7
26153,-0.5799999999999983
26155,37.199999999999996
26157,53.56999999999999
26159,37.10000000000001
26161,24.61
26163,-27.240000000000002
26165,23.82
27001,-0.4200000000000017
27003,-15.560000000000002
27005,-12.409999999999997
27007,-33.74
27009,13.86
27011,-13.64
27013,29.71
27015,41.970000000000006
27017,-39.52
27019,57.330000000000005
27021,-3.6999999999999957
27023,-4.729999999999997
27025,11.86
27027,-8.660000000000004
27029,-40.17
27031,-3.010000000000005
27033,24.759999999999998
27035,-9.969999999999999
27037,-5.07
27039,23.160000000000004
27041,5.829999999999998
27043,23.0
27045,33.00000000000001
27047,-6.189999999999998
27049,14.840000000000003
27051,-1.8299999999999983
27053,-11.969999999999999
27055,37.05
27057,13.39
27059,-0.45000000000000284
27061,-34.81999999999999
27063,-10.079999999999998
27065,3.690000000000005
27067,-26.060000000000002
27069,-47.09
27071,-42.099999999999994
27073,5.509999999999998
27075,-49.67999999999999
27077,-29.039999999999992
27079,15.090000000000003
27081,-17.92
27083,-12.339999999999996
27085,38.260000000000005
27087,-33.01
27089,-30.339999999999996
27091,7.659999999999997
27093,15.219999999999999
27095,-1.2899999999999991
27097,12.380000000000003
27099,-4.410000000000004
27101,1.7700000000000031
27103,30.199999999999996
27105,9.68
27107,-20.18
27109,9.700000000000003
27111,35.699999999999996
27113,-36.8
27115,-11.479999999999997
27117,14.32
27119,-33.11000000000001
27121,-3.219999999999999
27123,-19.22
27125,-36.66
27127,30.47
27129,15.75
27131,20.790000000000006
27133,21.949999999999996
27135,-41.6
27137,-39.02
27139,8.780000000000001
27141,17.029999999999994
27143,43.620000000000005
27145,21.119999999999997
27147,17.979999999999997
27149,16.759999999999998
27151,-13.46
27153,19.309999999999995
27155,-14.020000000000003
27157,25.729999999999997
27159,17.299999999999997
27161,30.42000000000001
27163,3.5500000000000043
27165,14.96
27167,3.3399999999999963
27169,15.019999999999996
27171,30.64999999999999
27173,1.8699999999999974
28001,-70.62
28003,-85.66
28005,-88.5
28007,-92.34
28009,-90.6
28011,-73.22
28013,-91.06
28015,-90.96000000000001
28017,-82.97999999999999
28019,-87.28
28021,-88.08000000000001
28023,-89.38
28025,-82.80000000000001
28027,-85.22
28029,-93.18
28031,-93.30000000000001
28033,-85.4
28035,-78.66
28037,-92.22
28039,-83.9
28041,-78.53999999999999
28043,-84.30000000000001
28045,-84.6
28047,-81.13999999999999
28049,-83.16
28051,-88.24000000000001
28053,-94.1
28055,-95.46000000000001
28057,-76.12
28059,-85.03999999999999
28061,-94.52000000000001
28063,-93.68
28065,-87.94
28067,-86.84
28069,-94.63999999999999
28071,-92.22
28073,-83.94
28075,-88.18
28077,-94.30000000000001
28079,-98.30000000000001
28081,-87.69999999999999
28083,-84.6
28085,-91.91999999999999
28087,-72.03999999999999
28089,-89.72
28091,-95.68
28093,-91.62
28095,-90.25999999999999
28097,-89.75999999999999
28099,-91.69999999999999
28101,-95.63999999999999
28103,-81.22
28105,-89.32
28107,-91.1
28109,-92.41999999999999
28111,-89.52000000000001
28113,-84.6
28115,-90.34
28117,-80.84
28119,-89.88
28121,-92.08000000000001
28123,-94.6
28125,-93.36000000000001
28127,-93.88
28129,-87.4
28131,-91.66
28133,-89.5
28135,-96.72
28137,-96.1
28139,-90.53999999999999
28141,-65.34
28143,-90.74000000000001
28145,-84.24000000000001
28147,-89.52000000000001
28149,-82.66
28151,-63.18000000000001
28153,-95.06
28155,-84.41999999999999
28157,-83.03999999999999
28159,-94.56
28161,-88.44
28163,-93.44
29001,15.259999999999998
29003,24.689999999999998
29005,11.739999999999995
29007,-30.35
29009,17.940000000000005
29011,11.009999999999998
29013,11.11
29015,49.59
29017,21.5
29019,-39.55
29021,-14.130000000000003
29023,20.29
29025,25.65
29027,-29.290000000000006
29029,37.48
29031,9.830000000000005
29033,21.880000000000003
29035,-7.730000000000004
29037,3.760000000000005
29039,41.47
29041,-1.6600000000000037
29043,57.11
29045,11.339999999999996
29047,-12.68
29049,-2.780000000000001
29051,1.5499999999999972
29053,13.810000000000002
29055,17.090000000000003
29057,38.74000000000001
29059,50.35
29061,16.700000000000003
29063,15.07
29065,-4.710000000000001
29067,65.22
29069,-32.65
29071,21.96
29073,66.74
29075,-0.8699999999999974
29077,10.909999999999997
29079,16.200000000000003
29081,24.509999999999998
29083,9.599999999999994
29085,58.92999999999999
29087,27.639999999999993
29089,-33.91
29091,26.03
29093,-14.420000000000002
29095,-8.780000000000001
29097,13.75
29099,-8.11
29101,14.740000000000002
29103,2.8400000000000034
29105,21.58
29107,17.310000000000002
29109,27.769999999999996
29111,-18.33
29113,-12.879999999999995
29115,-2.950000000000003
29117,9.399999999999999
29119,16.46
29121,0.25
29123,1.6499999999999986
29125,-9.059999999999995
29127,-30.529999999999994
29129,36.92
29131,23.589999999999996
29133,-36.379999999999995
29135,16.32
29137,-63.91
29139,12.490000000000002
29141,25.019999999999996
29143,-29.93
29145,15.129999999999995
29147,3.210000000000001
29149,-26.92
29151,21.490000000000002
29153,62.28999999999999
29155,-25.97
29157,35.21999999999999
29159,3.490000000000002
29161,-14.450000000000003
29163,-16.29
29165,-22.93
29167,33.13
29169,-13.009999999999998
29171,45.269999999999996
29173,-41.21999999999999
29175,-45.13
29177,-18.71
29179,-32.68
29181,-2.1700000000000017
29183,18.14
29185,21.849999999999994
29186,8.200000000000003
29187,4.079999999999998
29189,5.190000000000005
29195,-5.43
29197,-6.219999999999999
29199,-2.3699999999999974
29201,-28.089999999999996
29203,-30.580000000000005
29205,-27.86
29207,-8.149999999999999
29209,61.370000000000005
29211,4.07
29213,45.38
29215,-1.2000000000000028
29217,2.8400000000000034
29219,57.230000000000004
29221,16.779999999999994
29223,0.05000000000000426
29225,21.130000000000003
29227,0.23999999999999488
29229,35.14000000000001
29510,-20.68
30001,10.339999999999996
30003,3.8999999999999986
30005,-19.32
30007,15.270000000000003
30009,1.25
30011,-9.21
30013,-26.11
30015,-21.760000000000005
30017,-5.339999999999996
30019,-9.5
30021,6.390000000000001
30023,-33.120000000000005
30025,27.43
30027,-17.240000000000002
30029,5.8799999999999955
30031,-5.420000000000002
30033,7.259999999999998
30035,-27.049999999999997
30037,19.490000000000002
30039,9.93
30041,-28.700000000000003
30043,-0.37000000000000455
30045,-20.5
30047,12.689999999999998
30049,-2.760000000000005
30051,-5.589999999999996
30053,-12.969999999999999
30055,-17.949999999999996
30057,11.060000000000002
30059,2.719999999999999
30061,-2.6500000000000057
30063,-1.6999999999999957
30065,-14.239999999999995
30067,3.229999999999997
30069,5.82
30071,-13.61
30073,-23.629999999999995
30075,15.310000000000002
30077,-16.139999999999993
30079,12.100000000000001
30081,9.649999999999999
30083,-13.61
30085,-17.89
30087,1.740000000000002
30089,-5.009999999999998
30091,-36.190000000000005
30093,-26.699999999999996
30095,12.469999999999999
30097,25.28
30099,-16.689999999999998
30101,-16.189999999999998
30103,0.8800000000000026
30105,-23.870000000000005
30107,2.240000000000002
30109,0.8100000000000023
30111,3.3499999999999943
31001,21.680000000000007
31003,41.22
31005,27.319999999999993
31007,42.099999999999994
31009,19.22
31011,26.5
31013,26.599999999999994
31015,23.86
31017,35.04
31019,22.379999999999995
31021,19.200000000000003
31023,-7.920000000000002
31025,18.680000000000007
31027,32.580000000000005
31029,38.03999999999999
31031,25.599999999999994
31033,20.480000000000004
31035,37.620000000000005
31037,3.019999999999996
31039,48.199999999999996
31041,23.22
31043,-7.739999999999995
31045,31.0
31047,37.699999999999996
31049,46.96000000000001
31051,23.900000000000006
31053,22.78
31055,-8.799999999999997
31057,36.580000000000005
31059,30.560000000000002
31061,36.53999999999999
31063,41.97999999999999
31065,36.699999999999996
31067,26.86
31069,39.52000000000001
31071,37.419999999999995
31073,31.78
31075,31.060000000000002
31077,-0.9200000000000017
31079,23.22
31081,39.36000000000001
31083,32.86000000000001
31085,33.78
31087,27.900000000000006
31089,24.14
31091,52.419999999999995
31093,-13.5
31095,32.120000000000005
31097,44.44
31099,16.900000000000006
31101,20.519999999999996
31103,40.080000000000005
31105,33.98
31107,20.400000000000006
31109,16.019999999999996
31111,15.760000000000005
31113,29.680000000000007
31115,45.68000000000001
31117,44.86000000000001
31119,34.28
31121,31.879999999999995
31123,28.659999999999997
31125,20.78
31127,29.340000000000003
31129,25.120000000000005
31131,33.02
31133,27.739999999999995
31135,23.5
31137,25.799999999999997
31139,42.120000000000005
31141,13.340000000000003
31143,21.680000000000007
31145,18.620000000000005
31147,12.540000000000006
31149,32.080000000000005
31151,-9.0
31153,-0.23999999999999488
31155,22.340000000000003
31157,30.099999999999994
31159,28.22
31161,42.74000000000001
31163,-9.5
31165,36.44
31167,31.620000000000005
31169,36.74000000000001
31171,22.459999999999994
31173,-1.5
31175,17.400000000000006
31177,11.14
31179,47.74000000000001
31181,39.5
31183,11.680000000000007
31185,45.97999999999999
32001,3.8599999999999994
32003,-23.599999999999994
32005,32.699999999999996
32007,-16.260000000000005
32009,-19.58
32011,18.72
32013,-8.700000000000003
32015,5.200000000000003
32017,-42.379999999999995
32019,11.659999999999997
32021,-28.300000000000004
32023,-13.200000000000003
32027,1.3199999999999932
32029,-2.980000000000004
32031,3.680000000000007
32033,-28.819999999999993
32510,11.680000000000007
33001,7.5
33003,36.17
33005,8.009999999999998
33007,-16.75
33009,11.189999999999998
33011,-24.009999999999998
33013,4.350000000000001
33015,13.11
33017,-14.200000000000003
33019,-0.3100000000000023
34001,-6.159999999999997
34003,30.259999999999998
34005,-9.310000000000002
34007,-33.89000000000001
34009,9.380000000000003
34011,-3.960000000000001
34013,1.2999999999999972
34015,-3.1099999999999994
34017,-24.019999999999996
34019,18.43
34021,-17.380000000000003
34023,-14.230000000000004
34025,17.389999999999993
34027,29.779999999999994
34029,26.79
34031,-0.6499999999999986
34033,-13.119999999999997
34035,16.68
34037,25.450000000000003
34039,6.420000000000002
34041,3.3200000000000003
35001,-2.3699999999999974
35003,8.54
35005,-3.0799999999999983
35006,0.0
35007,-6.259999999999998
35009,-16.85
35011,-8.719999999999999
35013,-13.96
35015,-42.919999999999995
35017,-27.58
35019,3.4599999999999937
35021,11.799999999999997
35023,-37.47999999999999
35025,-41.05
35027,4.040000000000006
35028,0.0
35029,-12.560000000000002
35031,-17.64
35033,11.150000000000006
35035,-12.649999999999999
35037,-22.050000000000004
35039,-3.539999999999999
35041,-18.879999999999995
35043,3.039999999999999
35045,13.579999999999998
35047,-7.699999999999996
35049,5.459999999999994
35051,4.890000000000001
35053,1.5700000000000003
35055,0.6299999999999955
35057,16.67
35059,8.590000000000003
35061,5.82
36001,-8.019999999999996
36003,47.419999999999995
36005,-35.989999999999995
36007,17.230000000000004
36009,25.54
36011,14.810000000000002
36013,19.46
36015,19.1
36017,43.58
36019,-6.490000000000002
36021,30.309999999999995
36023,35.510000000000005
36025,48.769999999999996
36027,18.120000000000005
36029,-2.5899999999999963
36031,37.099999999999994
36033,6.719999999999999
36035,19.86
36037,32.879999999999995
36039,30.369999999999997
36041,37.56
36043,11.670000000000002
36045,20.33
36047,-31.449999999999996
36049,28.980000000000004
36051,28.31000000000001
36053,37.2
36055,-3.4200000000000017
36057,1.1200000000000045
36059,33.99999999999999
36061,-32.43000000000001
36063,3.799999999999997
36065,0.39000000000000057
36067,4.490000000000002
36069,28.150000000000006
36071,23.68
36073,42.72
36075,22.07
36077,32.5
36079,24.43
36081,10.969999999999999
36083,11.219999999999999
36085,14.450000000000003
36087,18.28
36089,17.990000000000002
36091,18.809999999999995
36093,2.5899999999999963
36095,21.549999999999997
36097,43.620000000000005
36099,27.28
36101,30.909999999999997
36103,35.440000000000005
36105,12.009999999999998
36107,39.89999999999999
36109,28.08
36111,22.300000000000004
36113,28.720000000000006
36115,32.21
36117,42.86
36119,23.689999999999998
36121,39.239999999999995
36123,51.879999999999995
37001,-29.72
37003,13.120000000000005
37005,-9.540000000000006
37007,-75.08000000000001
37009,1.8199999999999932
37011,58.25999999999999
37013,-61.199999999999996
37015,-92.4
37017,-55.34
37019,-8.040000000000006
37021,-37.919999999999995
37023,-7.439999999999998
37025,-36.34
37027,-10.780000000000001
37029,-57.81999999999999
37031,-38.03999999999999
37033,-59.25999999999999
37035,-16.900000000000006
37037,-22.659999999999997
37039,0.8199999999999932
37041,-77.56
37043,0.7199999999999989
37045,-51.22
37047,-57.300000000000004
37049,-71.0
37051,-53.31999999999999
37053,-63.900000000000006
37055,-57.72
37057,-0.060000000000002274
37059,17.739999999999995
37061,-58.36000000000001
37063,-55.13999999999999
37065,-87.58000000000001
37067,-24.14
37069,-86.41999999999999
37071,-39.06
37073,-75.68
37075,-16.42
37077,-81.63999999999999
37079,-91.44
37081,-28.900000000000006
37083,-88.16
37085,-34.68000000000001
37087,-45.300000000000004
37089,-10.36
37091,-88.22
37093,-83.52000000000001
37095,-48.199999999999996
37097,-26.42
37099,-20.799999999999997
37101,-30.379999999999995
37103,-70.53999999999999
37105,-62.03999999999999
37107,-80.91999999999999
37109,-6.239999999999995
37111,-27.92
37113,-6.439999999999998
37115,31.400000000000006
37117,-94.13999999999999
37119,-46.68000000000001
37121,51.419999999999995
37123,-15.159999999999997
37125,-16.439999999999998
37127,-79.28
37129,-53.97999999999999
37131,-90.56
37133,-72.46000000000001
37135,-38.120000000000005
37137,-28.599999999999994
37139,-49.419999999999995
37141,-59.419999999999995
37143,-56.599999999999994
37145,-61.02000000000001
37147,-89.06
37149,-16.480000000000004
37151,9.299999999999997
37153,-70.38
37155,-73.36000000000001
37157,-48.66
37159,-24.760000000000005
37161,-22.200000000000003
37163,17.92
37165,-77.34
37167,5.040000000000006
37169,-9.799999999999997
37171,-20.040000000000006
37173,-16.739999999999995
37175,-14.579999999999998
37177,-37.0
37179,-67.44
37181,-77.24000000000001
37183,-63.74000000000001
37185,-82.22
37187,-56.379999999999995
37189,10.319999999999993
37191,-52.97999999999999
37193,24.019999999999996
37195,-78.78
37197,28.0
37199,-15.760000000000005
38001,18.089999999999996
38003,11.629999999999995
38005,-13.340000000000003
38007,25.61
38009,15.240000000000002
38011,12.480000000000004
38013,11.100000000000001
38015,20.200000000000003
38017,1.279999999999994
38019,-6.109999999999999
38021,22.769999999999996
38023,-10.39
38025,19.799999999999997
38027,-3.3200000000000003
38029,54.589999999999996
38031,-10.519999999999996
38033,22.97
38035,-15.18
38037,61.69
38039,-10.689999999999998
38041,53.05
38043,33.480000000000004
38045,23.35
38047,73.12
38049,23.61
38051,84.23
38053,-12.259999999999998
38055,9.379999999999995
38057,69.66
38059,31.159999999999997
38061,-8.530000000000001
38063,-12.169999999999995
38065,54.56999999999999
38067,-9.199999999999996
38069,20.660000000000004
38071,-0.6700000000000017
38073,10.910000000000004
38075,-2.259999999999998
38077,15.870000000000005
38079,-23.839999999999996
38081,2.1199999999999974
38083,66.04
38085,20.32
38087,-0.5700000000000003
38089,29.96999999999999
38091,-11.71
38093,13.010000000000005
38095,-3.8500000000000014
38097,-2.229999999999997
38099,-31.389999999999993
38101,-2.690000000000005
38103,23.67
38105,-25.25
39001,16.599999999999994
39003,25.180000000000007
39005,18.939999999999998
39007,12.659999999999997
39009,16.260000000000005
39011,29.5
39013,-21.739999999999995
39015,2.8799999999999955
39017,-8.079999999999998
39019,25.5
39021,23.78
39023,-0.3400000000000034
39025,6.959999999999994
39027,31.96
39029,3.0400000000000063
39031,12.760000000000005
39033,19.299999999999997
39035,-20.58
39037,16.159999999999997
39039,34.419999999999995
39041,33.56
39043,15.799999999999997
39045,13.780000000000001
39047,20.120000000000005
39049,5.239999999999995
39051,58.74000000000001
39053,37.06
39055,23.72
39057,9.900000000000006
39059,15.379999999999995
39061,3.5
39063,36.53999999999999
39065,25.099999999999994
39067,21.14
39069,47.080000000000005
39071,19.760000000000005
39073,9.260000000000005
39075,9.379999999999995
39077,32.120000000000005
39079,18.519999999999996
39081,-23.14
39083,28.259999999999998
39085,3.719999999999999
39087,7.799999999999997
39089,13.480000000000004
39091,33.300000000000004
39093,-2.819999999999993
39095,0.7399999999999949
39097,24.340000000000003
39099,-33.16
39101,15.219999999999999
39103,26.700000000000003
39105,30.639999999999993
39107,26.08
39109,16.939999999999998
39111,0.5999999999999943
39113,-13.060000000000002
39115,44.25999999999999
39117,39.56
39119,16.0
39121,29.78
39123,16.700000000000003
39125,31.439999999999998
39127,18.480000000000004
39129,5.599999999999994
39131,-12.019999999999996
39133,-1.0
39135,15.120000000000005
39137,43.580000000000005
39139,7.939999999999998
39141,7.0
39143,38.379999999999995
39145,1.019999999999996
39147,41.72
39149,11.5
39151,-5.400000000000006
39153,-16.78
39155,-15.400000000000006
39157,-5.980000000000004
39159,40.75999999999999
39161,25.659999999999997
39163,19.64
39165,19.72
39167,24.879999999999995
39169,17.78
39171,43.78
39173,33.24
39175,31.080000000000005
40001,0.5799999999999983
40003,33.16
40005,-17.79
40007,16.940000000000005
40009,-27.82
40011,24.730000000000004
40013,-62.01
40015,-10.649999999999999
40017,-1.3299999999999983
40019,-57.82000000000001
40021,-1.1700000000000017
40023,-51.14999999999999
40025,4.810000000000002
40027,-17.950000000000003
40029,-44.02
40031,-28.160000000000004
40033,-36.17999999999999
40035,-3.8900000000000006
40037,-4.979999999999997
40039,-7.93
40041,5.600000000000001
40043,8.979999999999997
40045,27.369999999999997
40047,17.4
40049,-43.69
40051,-30.730000000000004
40053,19.22
40055,-46.980000000000004
40057,-58.47
40059,13.669999999999995
40061,-16.299999999999997
40063,-33.64
40065,-57.39
40067,-50.14
40069,-43.129999999999995
40071,4.619999999999997
40073,22.14
40075,-33.34
40077,-20.03
40079,-21.32
40081,10.199999999999996
40083,9.389999999999993
40085,-62.75000000000001
40087,-37.68000000000001
40089,-57.81
40091,-10.759999999999998
40093,51.28999999999999
40095,-49.89999999999999
40097,-0.10999999999999943
40099,-44.169999999999995
40101,-17.0
40103,14.14
40105,2.799999999999997
40107,-20.340000000000003
40109,-15.290000000000006
40111,-28.35
40113,-10.39
40115,-7.5
40117,14.689999999999998
40119,3.6199999999999974
40121,-35.379999999999995
40123,-37.68000000000001
40125,-16.89
40127,-41.269999999999996
40129,-27.29
40131,7.619999999999997
40133,-21.86
40135,-10.479999999999997
40137,-38.15
40139,-10.020000000000003
40141,-44.48
40143,12.11
40145,18.71
40147,12.399999999999999
40149,-13.089999999999996
40151,14.100000000000001
40153,17.28
41001,-11.030000000000001
41003,29.630000000000003
41005,-5.810000000000002
41007,-21.099999999999994
41009,-31.279999999999994
41011,-16.629999999999995
41013,-10.11
41015,9.759999999999998
41017,-19.6
41019,14.5
41021,-7.07
41023,-2.989999999999995
41025,-11.700000000000003
41027,1.1999999999999957
41029,12.510000000000005
41031,16.870000000000005
41033,10.82
41035,-5.400000000000006
41037,-6.410000000000004
41039,10.230000000000004
41041,-2.510000000000005
41043,2.9499999999999957
41045,11.089999999999996
41047,14.93
41049,-5.580000000000005
41051,-14.619999999999997
41053,7.989999999999995
41055,-4.32
41057,-3.030000000000001
41059,3.970000000000006
41061,-23.939999999999998
41063,-14.399999999999999
41065,2.4200000000000017
41067,1.3500000000000014
41069,13.509999999999998
41071,5.480000000000004
42001,19.720000000000006
42003,-14.57
42005,14.399999999999999
42007,-16.22
42009,25.29
42011,-10.579999999999998
42013,16.060000000000002
42015,41.540000000000006
42017,17.86
42019,21.799999999999997
42021,-16.83
42023,21.520000000000003
42025,-5.830000000000005
42027,10.869999999999997
42029,17.86
42031,21.059999999999995
42033,1.3200000000000003
42035,1.8099999999999952
42037,-1.6300000000000026
42039,24.35
42041,19.049999999999997
42043,18.54
42045,10.129999999999995
42047,-3.8300000000000054
42049,3.4099999999999966
42051,-22.869999999999997
42053,32.93
42055,20.550000000000004
42057,8.450000000000003
42059,-18.64
42061,32.269999999999996
42063,23.590000000000003
42065,25.900000000000006
42067,13.660000000000004
42069,-11.199999999999996
42071,24.130000000000003
42073,4.240000000000002
42075,12.479999999999997
42077,4.020000000000003
42079,-4.0
42081,11.829999999999998
42083,29.550000000000004
42085,8.280000000000001
42087,4.289999999999999
42089,6.07
42091,24.009999999999998
42093,10.409999999999997
42095,-9.990000000000002
42097,3.9100000000000037
42099,27.21
42101,-17.740000000000002
42103,30.870000000000005
42105,40.28
42107,6.280000000000001
42109,51.92
42111,21.78
42113,16.549999999999997
42115,35.22
42117,52.040000000000006
42119,52.94
42121,39.22
42123,34.91
42125,-24.870000000000005
42127,49.21000000000001
42129,-17.010000000000005
42131,39.489999999999995
42133,-7.8799999999999955
44001,-12.190000000000005
44003,-1.25
44005,-9.32
44007,-22.260000000000005
44009,12.36
45001,-94.02000000000001
45003,-88.98
45005,-93.32000000000001
45007,-87.24000000000001
45009,-60.62
45011,-96.82
45013,-60.980000000000004
45015,-68.3
45017,-87.61
45019,-59.150000000000006
45021,-90.17999999999999
45023,-83.2
45025,-97.53999999999999
45027,-79.6
45029,-80.52
45031,-89.08
45033,-83.37
45035,-66.59
45037,-91.82
45039,-90.03999999999999
45041,-83.87
45043,-81.32000000000001
45045,-79.03
45047,-86.0
45049,-67.18
45051,-83.07000000000001
45053,-46.699999999999996
45055,-93.91000000000001
45057,-93.17999999999999
45059,-91.46000000000001
45061,-81.60000000000001
45063,-92.36000000000001
45065,-85.31
45067,-91.89
45069,-85.8
45071,-79.81
45073,-80.77
45075,-87.38
45077,-58.790000000000006
45079,-91.10000000000001
45081,-84.17
45083,-88.01
45085,-84.88
45087,-95.05
45089,-84.50999999999999
45091,-89.93
46003,7.0
46005,-3.1200000000000045
46007,-6.799999999999997
46009,12.620000000000005
46011,33.22
46013,-6.200000000000003
46015,-16.980000000000004
46017,12.900000000000006
46019,32.56
46021,66.86000000000001
46023,-10.879999999999995
46025,23.120000000000005
46027,4.6200000000000045
46029,3.519999999999996
46031,12.379999999999995
46033,28.800000000000004
46035,-4.760000000000005
46037,2.0799999999999983
46039,23.620000000000005
46041,28.240000000000002
46043,34.699999999999996
46045,29.419999999999995
46047,26.659999999999997
46049,9.760000000000005
46051,21.400000000000006
46053,12.340000000000003
46055,25.22
46057,27.939999999999998
46059,15.239999999999995
46061,10.659999999999997
46063,5.640000000000001
46065,28.240000000000002
46067,68.91999999999999
46069,29.939999999999998
46071,22.959999999999994
46073,24.939999999999998
46075,27.58
46077,37.46000000000001
46079,31.400000000000006
46081,30.819999999999993
46083,33.98
46085,15.840000000000003
46087,36.78
46089,69.62
46091,5.140000000000001
46093,24.319999999999993
46095,14.040000000000006
46097,17.239999999999995
46099,15.340000000000003
46101,18.86
46103,19.739999999999995
46105,14.219999999999999
46107,16.540000000000006
46109,-5.280000000000001
46111,9.680000000000007
46113,7.859999999999999
46115,1.7199999999999989
46117,24.28
46119,34.22
46121,3.799999999999997
46123,7.640000000000001
46125,46.25999999999999
46127,9.739999999999995
46129,11.280000000000001
46135,16.819999999999993
46137,-3.3599999999999994
47001,-0.75
47003,-56.3
47005,-22.6
47007,19.78
47009,37.019999999999996
47011,32.99999999999999
47013,23.46
47015,-23.0
47017,18.060000000000002
47019,48.98
47021,-73.14
47023,-10.759999999999998
47025,18.96
47027,-7.400000000000006
47029,56.39
47031,-65.21000000000001
47033,-28.889999999999993
47035,20.53
47037,-44.38999999999999
47039,-10.129999999999995
47041,-4.0
47043,-59.49999999999999
47045,-47.58999999999999
47047,-78.25
47049,43.73
47051,-73.42999999999999
47053,-49.33
47055,-69.96000000000001
47057,52.269999999999996
47059,28.64999999999999
47061,-55.96000000000001
47063,7.459999999999994
47065,-25.369999999999997
47067,63.36999999999999
47069,-62.709999999999994
47071,21.89
47073,35.47
47075,-84.75
47077,43.620000000000005
47079,-62.88999999999999
47081,-56.4
47083,-59.47999999999999
47085,-56.43000000000001
47087,-33.68
47089,52.93
47091,71.22
47093,5.729999999999997
47095,-81.13999999999999
47097,-81.4
47099,-3.3599999999999994
47101,-58.24000000000001
47103,-73.26
47105,31.64999999999999
47107,-17.86
47109,22.340000000000003
47111,53.24000000000001
47113,-52.059999999999995
47115,-19.96
47117,-76.75
47119,-72.9
47121,-15.480000000000004
47123,0.5700000000000003
47125,-61.55
47127,-67.68
47129,7.6200000000000045
47131,-71.08
47133,-21.509999999999998
47135,-33.16
47137,28.800000000000004
47139,-85.42
47141,-22.340000000000003
47143,8.64
47145,15.739999999999995
47147,-66.13000000000001
47149,-68.3
47151,39.58999999999999
47153,-34.22
47155,74.66
47157,-63.459999999999994
47159,-40.58
47161,-70.24000000000001
47163,-9.25
47165,-60.8
47167,-85.69
47169,-79.67
47171,43.78
47173,47.580000000000005
47175,-28.660000000000004
47177,-49.92999999999999
47179,22.880000000000003
47181,55.14
47183,-36.50000000000001
47185,-33.36
47187,-62.849999999999994
47189,-53.94
48001,-70.78999999999999
48003,-69.56
48005,-57.41
48007,-49.28000000000001
48009,-70.58
48011,-61.379999999999995
48013,-40.510000000000005
48015,-21.889999999999997
48017,-40.13000000000001
48019,8.11
48021,-67.46000000000001
48023,-81.95
48025,-19.0
48027,-69.2
48029,-18.92
48031,-20.700000000000003
48033,-65.91
48035,-59.91
48037,-70.27
48039,-61.019999999999996
48041,-66.14
48043,-52.86999999999999
48045,-64.62
48047,-41.1
48049,-56.32
48051,-76.2
48053,-69.55
48055,-56.89
48057,-53.489999999999995
48059,-70.57
48061,-5.810000000000002
48063,-58.260000000000005
48065,-43.67
48067,-62.13
48069,-51.209999999999994
48071,-64.63
48073,-64.52
48075,-71.36
48077,-66.98
48079,-59.3
48081,-79.14
48083,-64.5
48085,-67.12
48087,-67.72
48089,-28.38
48091,41.28
48093,-68.25999999999999
48095,-68.84
48097,-47.61
48099,-66.63999999999999
48101,-87.21000000000001
48103,-77.3
48105,-42.89
48107,-70.05
48109,-72.91000000000001
48111,-49.379999999999995
48113,-42.33
48115,-58.4
48117,-33.74
48119,-79.17
48121,-67.7
48123,-0.11999999999999744
48125,-78.56
48127,-23.130000000000003
48129,-56.970000000000006
48131,-91.44
48133,-65.28
48135,-59.3
48137,-27.48
48139,-77.06
48141,-59.51
48143,-69.99000000000001
48145,-66.69
48147,-74.09
48149,-25.620000000000005
48151,-80.92
48153,-56.620000000000005
48155,-77.87
48157,-58.760000000000005
48159,-74.27000000000001
48161,-71.14
48163,-48.07
48165,-67.97999999999999
48167,-67.71
48169,-60.230000000000004
48171,73.24000000000001
48173,-56.129999999999995
48175,-2.3699999999999974
48177,-49.239999999999995
48179,-26.619999999999997
48181,-72.95
48183,-54.959999999999994
48185,-72.19
48187,22.4
48189,-53.75999999999999
48191,-78.17999999999999
48193,-57.86
48195,-45.959999999999994
48197,-70.55
48199,-76.43
48201,-56.9
48203,-59.269999999999996
48205,-88.08
48207,-74.99
48209,-49.209999999999994
48211,-45.32000000000001
48213,-66.16
48215,-25.909999999999997
48217,-72.86
48219,-68.97
48221,-71.81
48223,-70.71000000000001
48225,-66.62
48227,-75.08000000000001
48229,-75.25
48231,-68.26
48233,-49.56
48235,-68.21
48237,-64.51
48239,-59.41
48241,-62.18000000000001
48243,-67.14999999999999
48245,-60.31999999999999
48247,-76.16
48249,-24.909999999999997
48251,-71.42
48253,-74.23
48255,-43.0
48257,-74.39999999999999
48259,58.339999999999996
48261,53.66
48263,-82.22000000000001
48265,-0.6499999999999986
48267,-52.529999999999994
48269,-83.98
48271,-33.39
48273,-53.75999999999999
48275,-76.05
48277,-71.74
48279,-52.0
48281,-71.69
48283,-65.7
48285,-49.36999999999999
48287,-8.29
48289,-75.29
48291,-64.39
48293,-80.25999999999999
48295,-15.020000000000003
48297,-6.689999999999998
48299,-65.08999999999999
48301,-50.00000000000001
48303,-59.730000000000004
48305,-68.39
48307,-57.959999999999994
48309,-73.36
48311,-31.2
48313,-80.34
48315,-60.68000000000001
48317,-63.589999999999996
48319,-26.880000000000003
48321,-47.02
48323,-43.22
48325,4.07
48327,-60.599999999999994
48329,-47.32
48331,-58.58
48333,-69.12
48335,-77.62
48337,-66.61
48339,-74.12
48341,-49.209999999999994
48343,-77.71000000000001
48345,-68.13
48347,-69.51
48349,-79.03
48351,-59.06999999999999
48353,-73.36999999999999
48355,-46.10999999999999
48357,-42.480000000000004
48359,-44.99000000000001
48361,-61.47
48363,-69.68
48365,-75.34
48367,-64.63000000000001
48369,-28.540000000000003
48371,-55.72
48373,-73.78
48375,-37.290000000000006
48377,-42.67
48379,-53.6
48381,-48.7
48383,-71.73
48385,-29.69
48387,-66.05
48389,-63.31
48391,-41.900000000000006
48393,-47.85
48395,-83.99
48397,-77.68
48399,-52.06999999999999
48401,-67.14
48403,-66.67
48405,-84.03999999999999
48407,-65.14
48409,-47.75
48411,-80.72999999999999
48413,-62.72999999999999
48415,-67.83000000000001
48417,-65.13
48419,-70.11999999999999
48421,-61.129999999999995
48423,-60.129999999999995
48425,-51.37
48427,-89.17999999999999
48429,-67.30000000000001
48431,-87.15
48433,-75.28
48435,-52.05
48437,-51.89
48439,-64.0
48441,-75.68
48443,-34.33
48445,-73.06
48447,-75.51
48449,-75.53999999999999
48451,-61.970000000000006
48453,-62.709999999999994
48455,-64.92999999999999
48457,-57.57000000000001
48459,-57.07999999999999
48461,-69.61
48463,-19.78
48465,-26.9
48467,-62.690000000000005
48469,-37.86
48471,-73.28999999999999
48473,-56.89999999999999
48475,-64.86999999999999
48477,-21.19
48479,-71.19
48481,-63.96
48483,-51.93
48485,-67.00999999999999
48487,-64.83
48489,-5.290000000000006
48491,-54.44
48493,-56.33
48495,-74.1
48497,-67.10000000000001
48499,-63.349999999999994
48501,-64.37
48503,-69.42
48505,-83.73
48507,-31.36
49001,-8.14
49003,-14.990000000000002
49005,-17.240000000000002
49007,-39.58
49009,-13.299999999999997
49011,-17.119999999999997
49013,-17.659999999999997
49015,-18.86
49017,20.190000000000005
49019,5.899999999999999
49021,6.989999999999995
49023,-10.860000000000007
49025,46.13999999999999
49027,-0.5300000000000011
49029,-11.280000000000001
49031,4.819999999999993
49033,-0.12000000000000455
49035,-25.369999999999997
49037,16.57
49039,2.0
49041,5.6299999999999955
49043,-8.700000000000003
49045,-23.009999999999998
49047,-1.3300000000000054
49049,-22.46
49051,-8.270000000000003
49053,-3.6299999999999955
49055,-13.900000000000006
49057,-34.66
50001,32.63
50003,17.22
50005,28.919999999999995
50007,-17.900000000000006
50009,-2.8400000000000034
50011,-15.969999999999999
50013,-9.120000000000005
50015,36.419999999999995
50017,47.53999999999999
50019,17.72
50021,14.599999999999994
50023,10.939999999999998
50025,33.029999999999994
50027,32.24
51001,-25.11
51003,-28.18
51005,-20.509999999999998
51007,-30.310000000000002
51009,-70.52000000000001
51011,-60.58
51013,7.709999999999994
51015,-11.32
51017,-7.07
51019,-40.63
51021,-1.2000000000000028
51023,-0.12000000000000455
51025,-71.25999999999999
51027,-17.79
51029,-43.17999999999999
51031,-51.69
51033,-44.650000000000006
51035,26.200000000000003
51036,-40.22
51037,-61.03999999999999
51041,-51.92999999999999
51043,-32.44
51045,-26.57
51047,-15.340000000000003
51049,-35.77
51051,-22.490000000000002
51053,-59.33
51057,-47.75
51059,6.060000000000002
51061,-31.869999999999997
51063,38.510000000000005
51065,-32.86999999999999
51067,-24.690000000000005
51069,-12.75
51071,-17.18
51073,-38.849999999999994
51075,-49.84
51077,11.690000000000005
51079,16.42
51081,-54.57000000000001
51083,-73.36
51085,-43.68
51087,-41.400000000000006
51089,-35.72
51091,9.019999999999996
51093,-46.52000000000001
51095,-32.63999999999999
51097,-37.24000000000001
51099,-1.1499999999999986
51101,-43.879999999999995
51103,-26.010000000000005
51105,-6.539999999999999
51107,-9.630000000000003
51109,-18.83
51111,-73.28999999999999
51113,13.649999999999999
51115,-11.21
51117,-71.24000000000001
51119,-54.050000000000004
51121,7.8700000000000045
51125,-52.95
51127,-35.120000000000005
51131,-48.69
51133,-13.920000000000002
51135,-50.82
51137,-26.64
51139,21.75
51141,-32.300000000000004
51143,-48.010000000000005
51145,-33.290000000000006
51147,-42.760000000000005
51149,-45.09
51153,-27.369999999999997
51155,-24.67
51157,-25.1
51159,-4.0
51161,-3.5799999999999983
51163,-25.96
51165,27.58
51167,-10.469999999999999
51169,3.3599999999999994
51171,28.35
51173,9.200000000000003
51175,-69.39
51177,-19.18
51179,1.1300000000000026
51181,-65.98
51183,-58.36999999999999
51185,-10.939999999999998
51187,-15.189999999999998
51191,-1.009999999999998
51193,-20.54
51195,-43.16
51197,10.86
51199,-40.33
51510,-12.600000000000001
51515,0.0
51520,-42.449999999999996
51530,-38.30999999999999
51540,-34.81
51550,0.0
51570,0.0
51580,0.0
51590,-43.28
51595,0.0
51600,0.0
51610,0.0
51620,0.0
51630,-21.97
51640,0.0
51650,-53.61
51660,0.39000000000000057
51670,-55.279999999999994
51678,0.0
51680,-28.39
51683,0.0
51685,0.0
51690,-40.89
51700,-53.0
51710,-41.489999999999995
51720,0.0
51730,-51.56
51735,0.0
51740,-66.97
51750,-15.959999999999994
51760,-44.11
51770,-17.89
51775,0.0
51790,-15.5
51800,-40.379999999999995
51810,0.0
51820,0.0
51830,-36.209999999999994
51840,4.520000000000003
53001,22.04
53003,-15.940000000000005
53005,-4.009999999999998
53007,3.8200000000000003
53009,-20.880000000000003
53011,-20.75
53013,7.579999999999998
53015,-25.759999999999998
53017,-0.6300000000000026
53019,-20.839999999999996
53021,-17.590000000000003
53023,15.380000000000003
53025,-21.119999999999997
53027,-27.419999999999995
53029,-5.490000000000002
53031,-12.689999999999998
53033,-16.259999999999998
53035,-36.05
53037,-10.46
53039,-2.6400000000000006
53041,7.119999999999997
53043,7.799999999999997
53045,-26.0
53047,-6.369999999999997
53049,-21.47
53051,-13.579999999999998
53053,-25.060000000000002
53055,4.359999999999999
53057,-9.259999999999998
53059,-18.21
53061,-28.199999999999996
53063,-11.090000000000003
53065,-11.160000000000004
53067,-10.170000000000002
53069,-30.490000000000002
53071,11.869999999999997
53073,-6.75
53075,4.799999999999997
53077,14.199999999999996
54001,3.5600000000000023
54003,2.780000000000001
54005,-29.72
54007,-17.58
54009,-22.959999999999994
54011,-7.359999999999999
54013,-14.379999999999995
54015,-6.239999999999995
54017,44.620000000000005
54019,-37.699999999999996
54021,-20.620000000000005
54023,68.03999999999999
54025,-20.299999999999997
54027,-20.540000000000006
54029,-26.239999999999995
54031,-17.28
54033,-11.159999999999997
54035,30.28
54037,-28.340000000000003
54039,-13.0
54041,19.599999999999994
54043,6.659999999999997
54045,-29.5
54047,-27.299999999999997
54049,-20.72
54051,4.180000000000007
54053,21.0
54055,-19.379999999999995
54057,7.5
54059,-33.94
54061,-3.9000000000000057
54063,8.959999999999994
54065,44.02000000000001
54067,-13.819999999999993
54069,-3.799999999999997
54071,-8.439999999999998
54073,3.680000000000007
54075,-10.64
54077,38.72
54079,1.3400000000000034
54081,-27.08
54083,-26.239999999999995
54085,41.199999999999996
54087,10.219999999999999
54089,-19.439999999999998
54091,3.1400000000000006
54093,-9.260000000000005
54095,41.199999999999996
54097,44.94
54099,-18.939999999999998
54101,-34.63999999999999
54103,-9.200000000000003
54105,9.579999999999998
54107,3.1599999999999966
54109,-22.680000000000007
55001,3.289999999999999
55003,-18.199999999999996
55005,12.11
55007,-15.059999999999995
55009,0.5300000000000011
55011,27.159999999999997
55013,6.240000000000002
55015,47.8
55017,7.830000000000005
55019,26.36
55021,13.43
55023,14.54
55025,-23.17
55027,29.4
55029,36.96
55031,-28.879999999999995
55033,21.47
55035,2.740000000000002
55037,-7.869999999999997
55039,28.160000000000004
55041,-27.22
55043,25.29
55045,15.0
55047,35.099999999999994
55049,12.43
55051,-36.3
55053,2.269999999999996
55055,18.809999999999995
55057,24.560000000000002
55059,-18.92
55061,22.740000000000002
55063,2.1400000000000006
55065,8.900000000000006
55067,-3.270000000000003
55069,30.539999999999992
55071,7.990000000000002
55073,8.79
55075,4.93
55077,47.3
55078,0.0
55079,-17.700000000000003
55081,28.75
55083,15.260000000000005
55085,-11.149999999999999
55087,29.369999999999997
55089,22.269999999999996
55091,29.5
55093,25.559999999999995
55095,8.439999999999998
55097,-23.169999999999995
55099,-3.769999999999996
55101,-16.86
55103,24.060000000000002
55105,4.839999999999996
55107,-2.289999999999999
55109,6.839999999999996
55111,26.119999999999997
55113,10.770000000000003
55115,36.81999999999999
55117,0.740000000000002
55119,-0.3200000000000003
55121,2.4100000000000037
55123,2.3999999999999986
55125,-1.4000000000000057
55127,31.200000000000003
55129,8.43
55131,39.55
55133,15.82
55135,49.31999999999999
55137,51.55000000000001
55139,19.950000000000003
55141,16.39
56001,-4.180000000000007
56003,6.939999999999998
56005,25.739999999999995
56007,-5.019999999999996
56009,24.099999999999994
56011,28.639999999999993
56013,18.92
56015,27.700000000000003
56017,-4.980000000000004
56019,29.340000000000003
56021,-1.4599999999999937
56023,-12.959999999999994
56025,3.0400000000000063
56027,22.739999999999995
56029,6.5
56031,6.980000000000004
56033,-0.7800000000000011
56035,18.480000000000004
56037,-36.199999999999996
56039,12.14
56041,-14.680000000000007
56043,18.519999999999996
56045,18.540000000000006
60010,0.0
60020,0.0
60030,0.0
60040,0.0
60050,0.0
66010,0.0
69085,0.0
69100,0.0
69110,0.0
69120,0.0
72001,0.0
72003,0.0
72005,0.0
72007,0.0
72009,0.0
72011,0.0
72013,0.0
72015,0.0
72017,0.0
72019,0.0
72021,0.0
72023,0.0
72025,0.0
72027,0.0
72029,0.0
72031,0.0
72033,0.0
72035,0.0
72037,0.0
72039,0.0
72041,0.0
72043,0.0
72045,0.0
72047,0.0
72049,0.0
72051,0.0
72053,0.0
72054,0.0
72055,0.0
72057,0.0
72059,0.0
72061,0.0
72063,0.0
72065,0.0
72067,0.0
72069,0.0
72071,0.0
72073,0.0
72075,0.0
72077,0.0
72079,0.0
72081,0.0
72083,0.0
72085,0.0
72087,0.0
72089,0.0
72091,0.0
72093,0.0
72095,0.0
72097,0.0
72099,0.0
72101,0.0
72103,0.0
72105,0.0
72107,0.0
72109,0.0
72111,0.0
72113,0.0
72115,0.0
72117,0.0
72119,0.0
72121,0.0
72123,0.0
72125,0.0
72127,0.0
72129,0.0
72131,0.0
72133,0.0
72135,0.0
72137,0.0
72139,0.0
72141,0.0
72143,0.0
72145,0.0
72147,0.0
72149,0.0
72151,0.0
72153,0.0
74300,0.0
78010,0.0
78020,0.0
78030,0.0
