statecounty,"54,455,472","37,577,352"," 620,409"
01001,"8,350","3,366", 201
01003,"24,964","7,272", 809
01005,"5,459","4,591", 111
01007,"3,487","2,167", 33
01009,"8,508","3,738", 236
01011,"3,537","1,697", 65
01013,"4,941","3,641", 127
01015,"12,752","1,143", 896
01017,"8,024","5,302", 137
01019,"3,225","3,029", 65
01021,"2,934",388, 123
01023,"3,960","3,373", 16
01025,"6,282","4,452", 77
01027,"3,432","1,456", 145
01029,"3,259","1,238", 126
01031,"10,558","4,370", 190
01033,"11,008","9,530", 494
01035,"3,538","2,735", 61
01037,"2,585","1,781", 19
01039,"9,944","3,812", 127
01041,"3,261","1,904", 107
01043,"14,782","7,989", 355
01045,"10,319","3,215", 158
01047,"10,955","9,585", 178
01049,"12,098","7,212", 39
01051,"11,694","4,198", 185
01053,"8,694","3,853", 177
01055,"19,243","19,074", 464
01057,"4,654","2,533", 14
01059,"5,304","4,601", 122
01061,"2,330",282, 91
01063,"1,361",122, 51
01065,"3,289","2,691", 76
01067,"3,952","2,231", 56
01069,"20,854","6,488", 163
01071,"7,635","6,730", 217
01073,"158,362","107,506", 679
01075,"3,943","1,910", 14
01077,"15,354","12,907", 398
01079,"4,866","4,466", 162
01081,"16,757","9,077", 327
01083,"8,423","5,410", 177
01085,"3,567","1,629", 56
01087,"7,857","1,543", 99
01089,"50,428","26,881", 825
01091,"5,261","4,811", 141
01093,"6,771","3,918", 24
01095,"12,330","7,704", 357
01097,"81,923","47,252"," 1,784"
01099,"5,917","3,725", 114
01101,"43,328","31,206", 471
01103,"24,301","11,324", 116
01105,"2,731","2,600", 77
01107,"4,685","3,586", 25
01109,"6,231","3,541", 181
01111,"4,940","2,439", 136
01113,"7,610","6,654", 188
01115,"10,408","4,000", 246
01117,"21,858","5,884", 326
01119,"4,478","2,493", 22
01121,"14,067","8,490", 463
01123,"9,045","4,458", 163
01125,"28,075","16,066", 598
01127,"12,852","10,591", 310
01129,"4,434","3,081", 28
01131,"3,663","2,337", 22
01133,"6,845","2,624", 9
02013,0,0,0%
02016,0,0,0%
02020,0,0,0%
02050,0,0,0%
02060,0,0,0%
02068,0,0,0%
02070,0,0,0%
02090,0,0,0%
02100,0,0,0%
02105,0,0,0%
02110,0,0,0%
02122,0,0,0%
02130,0,0,0%
02150,0,0,0%
02164,0,0,0%
02170,0,0,0%
02180,0,0,0%
02185,0,0,0%
02188,0,0,0%
02195,0,0,0%
02198,0,0,0%
02220,0,0,0%
02230,0,0,0%
02240,0,0,0%
02261,0,0,0%
02270,0,0,0%
02275,0,0,0%
02282,0,0,0%
02290,0,0,0%
04001,"7,277","5,638", 117
04003,"16,405","9,671", 279
04005,"11,528",622, 4
04007,"8,543","6,509", 197
04009,"5,247","3,080", 89
04011,"1,963","1,801", 21
04012,"2,757","1,502", 54
04013,"411,902","154,833"," 5,538"
04015,"17,364","7,436", 272
04017,"11,379","8,017", 182
04019,"123,830","91,585"," 2,197"
04021,"16,464","11,923", 232
04023,"3,855","2,463", 71
04025,"24,802","9,609", 577
04027,"13,848","6,458", 175
05001,"4,804","3,153", 51
05003,"5,675","3,373", 41
05005,"10,870","4,528", 166
05007,"24,296","7,306", 408
05009,"7,961","3,356", 250
05011,"2,690","2,313", 14
05013,"1,474","1,058", 3
05015,"5,041","2,263", 86
05017,"3,407","2,502", 18
05019,"4,638","4,185", 30
05021,"3,767","3,279", 59
05023,"5,769","3,172", 67
05025,"1,773","1,378", 14
05027,"6,526","3,680", 79
05029,"5,049","3,742", 45
05031,"14,047","8,035", 261
05033,"9,551","3,071", 79
05035,"6,663","6,520", 751
05037,"3,917","2,701", 17
05039,"2,361","2,035", 76
05041,"2,918","2,696", 264
05043,"3,407","2,638", 28
05045,"11,595","7,169", 279
05047,"4,382","2,399", 62
05049,"2,329","1,864", 30
05051,"11,484",774, 487
05053,"3,167","2,148", 38
05055,"6,179","4,730", 91
05057,"4,904","3,327", 37
05059,"5,836","5,629", 81
05061,"3,079","1,746", 7
05063,"7,428","4,415", 68
05065,"2,726","2,346", 64
05067,"4,038","3,901", 42
05069,"18,082","14,514", 313
05071,"4,720","3,056", 51
05073,"2,290","1,695", 22
05075,"4,039","2,594", 43
05077,"2,541","2,101", 75
05079,"2,406","1,860", 6
05081,"3,155","2,090", 50
05083,"5,663","3,206", 100
05085,"8,425","4,636", 81
05087,"3,516","2,133", 54
05089,"3,545","1,945", 34
05091,"8,302","4,686", 100
05093,"10,180","7,548", 38
05095,"2,508","2,413", 50
05097,"2,221","1,497", 39
05099,"2,352","1,783", 17
05101,"2,749","1,414", 10
05103,"6,700","5,858", 531
05105,"2,047","1,404", 29
05107,"5,946","4,686", 91
05109,"2,665","1,443", 10
05111,"5,622","3,906", 59
05113,"5,181","2,101", 104
05115,"10,667","5,082", 106
05117,"2,407","1,437", 32
05119,"77,651","54,237"," 1,530"
05121,"3,188","2,507", 38
05123,"5,378","4,866", 78
05125,"6,977",522, 89
05127,"3,066","1,609", 34
05129,"2,819","1,313", 69
05131,"27,595","8,688", 534
05133,"3,302","1,942", 27
05135,"4,392","2,492", 46
05137,"2,325","1,654", 66
05139,"12,333","6,208", 218
05141,"4,060","2,529", 70
05143,"24,993","11,319", 386
05145,"12,566","6,603", 266
05147,"2,055","1,675", 29
05149,"4,051","2,679", 72
06001,"282,041","192,408"," 6,425"
06003,264,194, 8
06005,"6,986","4,188", 189
06007,"45,381","25,421"," 1,162"
06009,"7,632","4,081", 164
06011,"3,388","1,725", 75
06013,"172,331","140,994"," 2,993"
06015,"3,996","2,696", 149
06017,"27,583","14,312", 583
06019,"104,757","86,315"," 1,864"
06021,"6,020","2,488", 124
06023,"27,832","25,217", 842
06025,"13,829","8,237", 235
06027,"5,863","2,360", 115
06029,"94,776","49,567"," 1,401"
06031,"13,364","7,324", 160
06033,"10,874","8,648", 309
06035,"5,352","3,254", 155
06037,"1,424,113","1,158,912"," 29,889"
06039,"13,954","8,994", 293
06041,"57,533","56,887"," 1,630"
06043,"3,989","2,399", 130
06045,"16,369","14,407", 646
06047,"24,997","17,012", 468
06049,"2,995","1,219", 96
06051,"2,659",962, 56
06053,"55,710","40,733"," 1,027"
06055,"26,322","18,599", 640
06057,"19,809","11,198", 761
06059,"635,013","206,272"," 8,792"
06061,"38,035","21,294"," 1,098"
06063,"5,224","3,837", 167
06065,"182,324","102,043"," 2,835"
06067,"204,922","159,128"," 4,791"
06069,"5,695","3,554", 131
06071,"222,071","116,454"," 4,180"
06073,"502,344","257,029"," 9,894"
06075,"193,278","90,219"," 3,475"
06077,"81,795","53,846"," 1,572"
06079,"49,035","26,946", 969
06081,"135,185","122,268"," 3,178"
06083,"89,314","51,243"," 1,763"
06085,"288,638","229,865"," 8,136"
06087,"49,091","41,652"," 1,404"
06089,"33,041","19,298", 788
06091,"1,078",781, 37
06093,"10,544","7,130", 427
06095,"51,678","41,982"," 1,138"
06097,"76,447","71,295"," 1,915"
06099,"55,665","37,459", 861
06101,"14,477","5,535", 311
06103,"11,586","6,527", 342
06105,"3,544","2,218", 173
06107,"51,066","28,065", 812
06109,"10,485","7,283", 283
06111,"151,383","66,550"," 2,529"
06113,"25,879","24,329", 645
06115,"9,780","5,339", 278
08001,"55,092","35,285"," 1,134"
08003,"2,953","1,720", 38
08005,"107,556","39,891"," 2,107"
08007,"1,557",584, 22
08009,"1,903",580, 26
08011,"1,314",859, 26
08013,"53,535","42,195"," 1,493"
08014,0,0,0%
08015,"3,680","1,779", 91
08017,892,307, 19
08019,"2,151","1,089", 52
08021,"1,669","1,553", 25
08023,997,621, 13
08025,993,517, 17
08027,832,241, 20
08029,"6,678","2,835", 126
08031,"110,200","105,096"," 4,442"
08033,667,173, 10
08035,"12,249","3,011", 181
08037,"4,500","2,032", 101
08039,"2,605",802, 54
08041,"88,377","28,185"," 1,210"
08043,"8,250","3,895", 111
08045,"7,111","3,076", 98
08047,634,35, 6
08049,"2,865","1,017", 58
08051,"3,100","1,424", 81
08053,310,98, 6
08055,"1,602","1,581", 41
08057,722,191, 10
08059,"124,496","53,700"," 2,432"
08061,850,265, 15
08063,"2,762",778, 44
08065,"1,364","1,324", 59
08067,"8,719","4,040", 159
08069,"49,883","23,896"," 1,069"
08071,"3,670","2,992", 80
08073,"1,661",587, 30
08075,"5,883","2,155", 95
08077,"23,736","9,938", 400
08079,333,117, 9
08081,"3,630","1,228", 123
08083,"4,753","1,665", 88
08085,"7,162","2,864", 147
08087,"6,097","2,331", 128
08089,"5,373","3,005", 237
08091,914,366, 10
08093,"2,041",782, 79
08095,"1,689",651, 27
08097,"3,117","2,293", 118
08099,"3,501","1,467", 127
08101,"27,126","24,634", 440
08103,"2,131",484, 22
08105,"3,122","1,104", 36
08107,"4,239","2,051", 118
08109,"1,201",867, 16
08111,320,183, 16
08113,833,654, 34
08115,"1,146",429, 8
08117,"3,253","1,588", 77
08119,"3,460","1,043", 59
08121,"2,080",568, 36
08123,"31,293","13,863", 523
08125,"3,394","1,121", 52
09001,"257,319","132,253"," 1,607"
09003,"208,210","168,609"," 1,586"
09005,"52,583","26,564", 269
09007,"39,580","26,915", 227
09009,"212,166","140,945"," 1,601"
09011,"63,121","38,857", 509
09013,"32,981","20,103", 214
09015,"24,917","15,351", 187
10001,"21,531","11,789", 83
10003,"102,322","76,238", 517
10005,"28,337","13,629", 126
11001,"180,408","29,009"," 1,871"
12001,"30,609","26,584", 60
12003, 28.38%,"3,485","1,381"
12005,"29,356","9,384", 4
12007, 36.18%,"4,130","2,341"
12009,"102,477","36,985", 49
12011,"254,608","194,584", 34
12013,"2,493","1,312", 2
12015,"27,486","11,305", 2
12017,"20,764","10,468", 4
12019, 20.28%,"21,571","5,489"
12021,"33,619","9,067", 5
12023, 32.59%,"8,814","4,261"
12027,"4,822","2,304", 3
12029, 35.71%,"2,204","1,224"
12031,"128,724","77,488", 37
12033,"66,715","26,812", 22
12035,"4,913","3,000", 1
12037, 32.95%,"2,218","1,090"
12039,"7,403","5,807", 2
12041,"2,056","1,051", 1
12043, 35.00%,"1,987","1,070"
12045, 33.30%,"3,573","1,784"
12047, 42.17%,"1,921","1,401"
12049, 27.94%,"3,962","1,536"
12051, 30.85%,"4,524","2,018"
12053,"21,279","12,204", 4
12055,"16,474","7,217", 3
12057,"157,926","86,230", 52
12059, 21.30%,"4,548","1,231"
12061, 26.92%,"23,716","8,736"
12063, 35.30%,"9,091","4,960"
12065,"2,244","2,057", 1
12067, 36.29%,"1,513",862
12069,"35,319","12,217", 7
12071,"85,024","30,022", 30
12073,"36,325","29,683", 38
12075, 35.81%,"5,561","3,103"
12077, 31.55%,"1,410",650
12079, 42.70%,"2,819","2,101"
12081,"55,793","20,889", 6
12083,"37,815","16,225", 6
12085,"28,900","8,978", 9
12086,"324,414","223,863", 35
12087,"16,332","7,774", 9
12089,"8,039","3,484", 1
12091,"37,044","7,304", 9
12093, 33.35%,"4,449","2,226"
12095,"122,068","48,752", 165
12097,"18,348","6,628", 4
12099,"186,811","116,091", 29
12101,"66,618","40,962", 8
12103,"240,612","128,574", 63
12105,"84,246","35,516", 22
12107,"11,435","7,823", 4
12109,"16,500","6,652", 2
12111,"28,200","13,040", 7
12113,"21,265","4,649", 6
12115,"87,771","30,525", 69
12117,"56,244","17,795", 53
12119,"6,255","3,461", 1
12121, 31.43%,"6,082","2,788"
12123, 30.02%,"4,038","1,732"
12125,"1,804",761, 2
12127,"68,358","43,820", 13
12129, 32.25%,"3,088","1,470"
12131, 25.99%,"7,126","2,503"
12133,"4,608","1,916", 1
13001, 40.07%,"2,929","1,958"
13003, 48.83%,944,901
13005, 36.23%,"1,778","1,010"
13007, 49.41%,691,675
13009, 40.26%,"5,717","3,853"
13011, 40.70%,"1,549","1,063"
13013, 36.47%,"4,123","2,367"
13015, 40.22%,"7,104","4,780"
13017, 44.56%,"2,313","1,859"
13019, 41.08%,"2,395","1,670"
13021, 47.77%,"26,427","24,170"
13023, 43.38%,"1,912","1,465"
13025, 47.47%,"1,679","1,517"
13027, 42.70%,"2,229","1,661"
13029, 38.17%,"2,265","1,398"
13031, 37.33%,"6,117","3,644"
13033, 49.92%,"3,137","3,127"
13035, 45.95%,"2,141","1,820"
13037, 41.88%,"1,077",776
13039, 43.24%,"2,841","2,164"
13043, 40.38%,"1,497","1,014"
13045, 32.83%,"11,436","5,590"
13047, 28.09%,"7,908","3,089"
13049, 44.82%,"1,368","1,111"
13051, 42.35%,"38,482","28,271"
13053, 48.25%,459,428
13055, 46.59%,"2,953","2,576"
13057, 23.89%,"11,146","3,499"
13059, 46.83%,"11,503","10,132"
13061, 35.84%,750,419
13063, 27.16%,"31,553","11,763"
13065, 42.03%,862,625
13067, 22.58%,"97,429","28,414"
13069, 38.53%,"4,200","2,633"
13071, 35.55%,"5,815","3,208"
13073, 23.26%,"12,294","3,727"
13075, 44.81%,"1,860","1,510"
13077, 31.38%,"7,981","3,650"
13079, 47.70%,"1,423","1,298"
13081, 42.37%,"2,895","2,128"
13083, 29.49%,"2,750","1,150"
13085, 32.72%,"1,322",643
13087, 39.12%,"4,134","2,656"
13089, 42.48%,"104,697","77,329"
13091, 47.61%,"2,765","2,513"
13093, 45.40%,"1,726","1,435"
13095, 43.27%,"16,920","12,904"
13097, 26.02%,"12,428","4,371"
13099, 40.02%,"2,239","1,494"
13101, 33.38%,453,227
13103, 32.51%,"4,266","2,055"
13105, 44.23%,"3,366","2,670"
13107, 38.54%,"3,920","2,458"
13109, 42.70%,"1,601","1,193"
13111, 32.09%,"4,159","1,965"
13113, 18.53%,"12,575","2,861"
13115, 36.50%,"15,437","8,873"
13117, 24.96%,"6,841","2,275"
13119, 41.90%,"2,549","1,838"
13121, 43.11%,"125,567","95,149"
13123, 29.34%,"2,972","1,234"
13125, 27.71%,827,317
13127, 35.93%,"11,724","6,574"
13129, 31.90%,"5,566","2,607"
13131, 36.78%,"3,886","2,261"
13133, 44.53%,"1,992","1,599"
13135, 20.52%,"54,749","14,139"
13137, 31.38%,"4,647","2,125"
13139, 32.99%,"15,076","7,421"
13141, 23.39%,"2,109",644
13143, 32.94%,"3,945","1,938"
13145, 40.05%,"3,138","2,096"
13147, 46.76%,"2,842","2,496"
13149, 35.19%,"1,492",810
13151, 30.94%,"9,142","4,096"
13153, 39.29%,"14,255","9,226"
13155, 40.49%,"1,330",905
13157, 39.27%,"4,202","2,717"
13159, 43.95%,"1,431","1,122"
13161, 38.20%,"2,233","1,380"
13163, 48.43%,"2,999","2,816"
13165, 44.20%,"1,399","1,108"
13167, 40.89%,"1,733","1,199"
13169, 44.99%,"3,401","2,781"
13171, 42.20%,"2,198","1,605"
13173, 46.52%,852,741
13175, 43.24%,"7,181","5,471"
13177, 30.17%,"2,972","1,284"
13179, 46.47%,"3,229","2,803"
13181, 45.11%,"1,357","1,115"
13183, 42.61%,"1,099",816
13185, 37.14%,"10,437","6,167"
13187, 35.79%,"1,991","1,110"
13189, 37.92%,"3,284","2,006"
13191, 45.71%,"1,796","1,512"
13193, 37.54%,"2,521","1,515"
13195, 30.96%,"3,768","1,690"
13197, 47.08%,951,846
13199, 47.27%,"3,195","2,864"
13201, 28.07%,"1,348",526
13205, 49.51%,"2,791","2,737"
13207, 47.49%,"2,420","2,189"
13209, 41.04%,"1,365",950
13211, 42.69%,"2,301","1,714"
13213, 31.90%,"3,521","1,649"
13215, 46.66%,"23,816","20,835"
13217, 36.84%,"5,810","3,389"
13219, 29.71%,"3,471","1,467"
13221, 36.85%,"2,122","1,238"
13223, 30.23%,"6,048","2,621"
13225, 44.05%,"3,369","2,652"
13227, 32.18%,"2,801","1,329"
13229, 43.14%,"1,978","1,501"
13231, 39.34%,"1,855","1,203"
13233, 37.51%,"5,435","3,262"
13235, 48.83%,"1,509","1,440"
13237, 42.20%,"1,830","1,336"
13239, 42.42%,490,361
13241, 36.64%,"2,191","1,267"
13243, 47.96%,"1,578","1,454"
13245, 41.52%,"29,869","21,208"
13247, 24.54%,"10,121","3,291"
13249, 39.63%,614,403
13251, 40.35%,"2,583","1,747"
13253, 45.21%,"1,636","1,350"
13255, 36.27%,"8,571","4,878"
13257, 35.90%,"4,057","2,272"
13259, 38.10%,"1,308",805
13261, 44.71%,"4,607","3,725"
13263, 34.24%,"1,494",778
13265, 36.64%,550,318
13267, 34.92%,"3,641","1,954"
13269, 49.09%,"1,340","1,292"
13271, 49.14%,"2,049","1,980"
13273, 47.82%,"1,744","1,598"
13275, 38.59%,"6,427","4,039"
13277, 38.19%,"4,429","2,736"
13279, 34.79%,"4,470","2,385"
13281, 33.94%,"1,960","1,007"
13283, 43.70%,"1,086",843
13285, 36.08%,"9,340","5,272"
13287, 48.86%,"1,329","1,270"
13289, 39.44%,"1,755","1,143"
13291, 36.75%,"1,914","1,112"
13293, 37.99%,"4,803","2,943"
13295, 31.78%,"10,734","5,000"
13297, 33.19%,"4,995","2,481"
13299, 44.43%,"5,547","4,435"
13301, 46.35%,"1,258","1,087"
13303, 48.76%,"3,034","2,887"
13305, 39.69%,"3,698","2,434"
13307, 42.95%,534,402
13309, 48.16%,833,774
13311, 31.51%,"2,369","1,090"
13313, 30.65%,"11,957","5,284"
13315, 49.88%,"1,218","1,212"
13317, 46.33%,"1,837","1,586"
13319, 45.52%,"2,102","1,756"
13321, 36.67%,"2,910","1,685"
15001,"20,707","17,866", 570
15003,"140,323","107,444"," 2,470"
15005,0,0,0%
15007,"9,249","8,862", 221
15009,"14,720","12,966", 381
16001,"60,036","21,760"," 1,128"
16003,"1,381",540, 35
16005,"18,742","9,399", 355
16007,"2,760",481, 26
16009,"2,039","1,447", 48
16011,"11,900","3,064", 152
16013,"3,603","1,971", 83
16015,"1,249",436, 36
16017,"6,889","4,628", 182
16019,"24,392","4,877", 221
16021,"2,159","1,158", 85
16023,"1,245",429, 11
16025,364,123, 4
16027,"24,613","7,527", 447
16029,"3,032",535, 30
16031,"6,503","1,036", 58
16033,353,59, 3
16035,"2,176","1,608", 64
16037,"1,653",461, 30
16039,"4,595","1,458", 52
16041,"3,261",439, 42
16043,"4,006",818, 29
16045,"3,644","1,607", 99
16047,"3,819","1,247", 53
16049,"4,219","1,996", 134
16051,"5,770",743, 50
16053,"4,913","1,284", 62
16055,"17,330","9,004", 355
16057,"7,709","5,571", 220
16059,"2,810",852, 46
16061,"1,000",648, 18
16063,"1,211",386, 18
16065,"6,798",483, 38
16067,"5,938","1,398", 84
16069,"8,153","5,981", 196
16071,"1,528",360, 10
16073,"2,141",574, 40
16075,"4,605","1,410", 106
16077,"2,298",678, 28
16079,"3,156","3,033", 95
16081,"1,242",370, 12
16083,"16,974","4,567", 230
16085,"2,299",945, 42
16087,"3,015","1,119", 54
17001,"20,225","10,336", 88
17003,"2,872","2,574", 21
17005,"4,240","2,870", 21
17007,"7,536","3,717", 53
17009,"1,478",959, 9
17011,"11,741","6,925", 99
17013,"1,648","1,443", 16
17015,"5,237","2,398", 23
17017,"3,435","2,937", 27
17019,"39,224","27,266", 435
17021,"8,534","7,541", 77
17023,"5,318","3,032", 32
17025,"4,562","2,524", 18
17027,"9,233","4,628", 38
17029,"14,044","7,156", 95
17031,"1,112,641","1,055,558"," 12,536"
17033,"6,261","3,130", 33
17035,"3,002","1,733", 27
17037,"20,294","10,942", 229
17039,"4,534","2,352", 29
17041,"5,691","2,886", 27
17043,"227,141","71,430"," 1,644"
17045,"6,821","3,241", 37
17047,"2,778","1,057", 10
17049,"9,617","3,841", 46
17051,"6,607","3,844", 22
17053,"4,871","1,763", 29
17055,"10,667","9,656", 54
17057,"9,147","9,131", 99
17059,"2,164","1,939", 9
17061,"4,057","2,563", 35
17063,"9,595","4,671", 59
17065,"3,074","2,251", 21
17067,"6,251","3,713", 37
17069,"1,689","1,205", 5
17071,"2,289","1,969", 20
17073,"14,504","10,679", 79
17075,"11,327","3,300", 58
17077,"13,609","12,105", 182
17079,"3,673","1,750", 31
17081,"9,642","7,200", 43
17083,"5,146","3,762", 26
17085,"5,877","3,348", 77
17087,"3,424","1,647", 12
17089,"72,655","31,875", 629
17091,"23,807","15,246", 612
17093,"10,872","3,789", 69
17095,"14,974","12,027", 121
17097,"118,401","53,947", 876
17099,"27,388","20,532", 219
17101,"4,686","2,924", 28
17103,"11,178","3,919", 58
17105,"12,291","4,567", 61
17107,"9,932","4,052", 62
17109,"9,383","4,561", 57
17111,"47,282","14,420", 340
17113,"32,221","15,880", 248
17115,"30,457","25,463", 192
17117,"12,282","10,602", 69
17119,"57,021","48,352", 340
17121,"11,300","7,599", 46
17123,"4,060","2,386", 47
17125,"4,109","3,354", 23
17127,"3,827","3,194", 28
17129,"3,925","1,826", 15
17131,"4,907","3,982", 38
17133,"6,936","3,256", 25
17135,"8,191","6,360", 54
17137,"10,683","5,361", 53
17139,"3,593","2,458", 21
17141,"13,503","4,803", 90
17143,"45,607","36,830", 462
17145,"5,852","4,584", 36
17147,"5,000","2,840", 39
17149,"5,295","3,965", 25
17151,"1,545",940, 7
17153,"1,923","1,724", 17
17155,"1,912","1,487", 14
17157,"9,415","6,355", 59
17159,"5,665","2,182", 27
17161,"40,208","35,121", 343
17163,"52,294","51,046", 808
17165,"7,176","6,038", 37
17167,"54,086","34,059", 378
17169,"2,515","1,533", 13
17171,"1,976",943, 16
17173,"6,372","4,317", 41
17175,"2,228","1,072", 18
17177,"14,237","6,723", 171
17179,"33,782","23,095", 238
17181,"4,721","3,815", 28
17183,"22,932","16,530", 149
17185,"3,639","1,795", 19
17187,"5,846","3,318", 29
17189,"5,129","2,363", 24
17191,"6,298","2,621", 32
17193,"5,500","3,457", 26
17195,"16,743","11,226", 127
17197,"78,684","45,193", 520
17199,"14,930","11,614", 86
17201,"64,203","44,629", 619
17203,"10,758","4,425", 89
18001,"7,958","3,923", 71
18003,"75,505","38,462"," 1,008"
18005,"18,704","8,075", 191
18007,"3,281","1,357", 24
18009,"3,787","2,395", 48
18011,"11,790","3,982", 78
18013,"3,517","2,657", 24
18015,"5,528","2,774", 62
18017,"12,355","5,521", 95
18019,"19,419","14,138", 228
18021,"6,957","3,707", 61
18023,"8,969","4,329", 65
18025,"2,633","2,256", 21
18027,"7,721","3,545", 45
18029,"9,149","4,920", 63
18031,"6,551","2,766", 46
18033,"8,769","4,617", 142
18035,"30,092","19,791", 288
18037,"9,391","5,423", 148
18039,"34,621","13,240", 236
18041,"7,142","4,122", 82
18043,"15,466","10,616", 197
18045,"5,450","2,897", 50
18047,"5,202","2,225", 45
18049,"6,057","2,527", 51
18051,"8,618","7,082", 77
18053,"20,482","9,986", 205
18055,"8,438","5,267", 193
18057,"30,254","6,364", 143
18059,"12,880","4,550", 74
18061,"7,255","4,634", 80
18063,"21,307","6,659", 169
18065,"11,926","7,064", 72
18067,"22,386","10,458", 202
18069,"10,805","4,598", 84
18071,"9,879","5,163", 192
18073,"6,537","2,821", 86
18075,"5,975","3,174", 58
18077,"7,482","4,952", 205
18079,"6,356","3,264", 87
18081,"23,482","7,715", 171
18083,"10,872","6,417", 170
18085,"17,560","4,877", 110
18087,"4,772","1,884", 36
18089,"117,984","94,870"," 1,289"
18091,"23,346","15,904", 317
18093,"11,440","5,608", 102
18095,"36,510","22,254", 250
18097,"184,880","130,185"," 2,083"
18099,"11,100","4,931", 113
18101,"3,363","1,937", 32
18103,"9,551","4,224", 117
18105,"21,772","14,719", 335
18107,"11,119","3,626", 89
18109,"14,884","4,627", 96
18111,"3,560","1,596", 38
18113,"8,459","4,237", 171
18115,"1,503","1,068", 6
18117,"5,909","2,571", 35
18119,"4,204","2,082", 37
18121,"5,052","2,205", 37
18123,"4,785","4,760", 43
18125,"3,689","3,231", 43
18127,"32,505","17,862", 315
18129,"6,472","4,452", 33
18131,"4,167","2,008", 51
18133,"7,820","3,392", 60
18135,"7,793","3,805", 73
18137,"7,143","3,336", 27
18139,"5,429","2,307", 35
18141,"54,404","47,513", 576
18143,"4,110","3,460", 18
18145,"11,056","5,357", 109
18147,"5,816","4,005", 25
18149,"5,104","3,674", 111
18151,"6,424","2,441", 56
18153,"4,771","4,006", 36
18155,"1,857","1,484", 6
18157,"29,706","15,789", 381
18159,"5,687","2,328", 54
18161,"1,970",816, 14
18163,"40,994","31,049", 287
18165,"4,428","3,666", 60
18167,"26,259","18,429", 285
18169,"9,862","4,077", 89
18171,"2,525","1,309", 28
18173,"10,202","6,345", 90
18175,"5,874","3,334", 172
18177,"18,955","10,173", 123
18179,"7,579","3,274", 67
18181,"7,279","3,157", 63
18183,"7,763","3,690", 98
19001,"2,615","1,979", 25
19003,"1,706","1,221", 33
19005,"3,997","2,282", 75
19007,"3,412","3,289", 58
19009,"2,306","1,854", 35
19011,"5,566","4,993", 119
19013,"32,262","31,467", 504
19015,"6,485","5,746", 46
19017,"6,895","4,084", 76
19019,"4,965","4,129", 58
19021,"5,193","4,109", 103
19023,"4,570","2,323", 31
19025,"3,311","2,541", 46
19027,"5,021","4,960", 96
19029,"5,053","2,417", 61
19031,"4,617","3,086", 45
19033,"11,570","11,214", 166
19035,"4,046","3,349", 75
19037,"3,661","3,186", 70
19039,"2,262","2,030", 29
19041,"4,450","3,774", 92
19043,"5,029","3,446", 78
19045,"13,914","11,240", 250
19047,"4,552","3,396", 105
19049,"6,564","6,080", 63
19051,"2,187","1,956", 39
19053,"2,104","2,098", 40
19055,"4,769","3,158", 74
19057,"11,173","9,559", 118
19059,"4,064","3,025", 81
19061,"21,876","19,239", 376
19063,"2,946","2,746", 33
19065,"6,505","4,677", 120
19067,"4,341","4,154", 58
19069,"3,129","2,349", 67
19071,"2,686","1,426", 35
19073,"2,579",118, 26
19075,"4,527","1,915", 76
19077,"2,783","2,517", 63
19079,"4,279","3,330", 86
19081,"3,362","2,539", 37
19083,"5,195","4,477", 60
19085,"4,352","2,495", 35
19087,"4,516","3,377", 62
19089,"2,718","2,135", 45
19091,"3,396","2,406", 61
19093,"2,618","1,559", 25
19095,"4,352","2,815", 84
19097,"4,811","4,400", 129
19099,"8,576","8,023", 100
19101,"4,727","2,961", 37
19103,"26,000","18,677", 367
19105,"4,907","3,825", 59
19107,"2,913","2,649", 94
19109,"4,872","4,838", 104
19111,"8,912","8,756", 141
19113,"41,061","38,528", 726
19115,"2,623","1,927", 23
19117,"2,630","2,422", 33
19119,"4,178","1,401", 63
19121,"3,168","3,067", 26
19123,"6,086","4,107", 100
19125,"7,259","6,313", 62
19127,"10,839","8,809", 192
19129,"3,994","1,434", 58
19131,"3,144","2,531", 68
19133,"2,746","2,159", 54
19135,"2,342","1,927", 22
19137,"4,224","1,661", 45
19139,"9,069","5,986", 113
19141,"5,008","2,479", 82
19143,"2,285","1,146", 32
19145,"5,876","1,914", 38
19147,"3,018","2,715", 77
19149,"6,482","3,464", 81
19151,"2,627","2,481", 80
19153,"75,413","71,413"," 1,022"
19155,"21,527","12,329", 256
19157,"4,715","4,103", 71
19159,"1,593","1,512", 12
19161,"3,298","2,363", 68
19163,"38,034","32,550", 628
19165,"4,200","2,291", 46
19167,"11,665","2,585", 43
19169,"19,804","18,277", 329
19171,"4,882","4,061", 47
19173,"2,496","1,499", 27
19175,"3,583","2,875", 118
19177,"2,138","1,606", 25
19179,"10,545","7,098", 157
19181,"8,277","8,171", 122
19183,"4,613","3,079", 78
19185,"2,061","1,927", 33
19187,"9,930","9,619", 253
19189,"3,616","2,669", 29
19191,"5,277","3,724", 104
19193,"23,002","18,951", 397
19195,"2,263","1,985", 18
19197,"3,675","2,980", 50
20001,"4,267","1,778", 72
20003,"2,462","1,155", 50
20005,"4,537","2,641", 77
20007,"2,112",806, 22
20009,"10,232","3,111", 195
20011,"4,858","2,175", 69
20013,"3,894","1,303", 67
20015,"12,976","6,371", 217
20017,"1,162",393, 15
20019,"1,688",497, 20
20021,"5,801","3,663", 89
20023,"1,442",356, 26
20025,"1,075",324, 27
20027,"3,559",919, 41
20029,"3,860","1,880", 71
20031,"3,063","1,037", 39
20033,993,285, 15
20035,"10,008","5,193", 198
20037,"9,518","6,722", 141
20039,"1,770",467, 28
20041,"6,487","2,168", 116
20043,"2,818",962, 40
20045,"18,975","12,880", 378
20047,"1,352",606, 44
20049,"1,301",452, 32
20051,"7,509","3,457", 133
20053,"2,353",905, 40
20055,"6,938","2,458", 98
20057,"6,935","2,914", 98
20059,"6,284","2,523", 92
20061,"4,464","2,296", 61
20063,"1,310",426, 48
20065,"1,423",480, 20
20067,"2,043",615, 21
20069,"1,580",514, 32
20071,699,227, 28
20073,"2,901","1,173", 44
20075,"1,037",408, 23
20077,"2,521",893, 35
20079,"8,507","4,599", 174
20081,"1,152",283, 17
20083,939,306, 21
20085,"3,466","1,667", 46
20087,"4,524","1,990", 49
20089,"1,992",583, 29
20091,"101,987","38,019", 876
20093,"1,214",321, 13
20095,"2,826","1,047", 50
20097,"1,537",361, 35
20099,"6,542","3,631", 87
20101,"1,008",282, 16
20103,"11,194","6,604", 172
20105,"1,723",551, 19
20107,"2,795","1,152", 27
20109,"1,235",331, 37
20111,"9,796","4,188", 137
20113,"8,630","3,185", 189
20115,"4,407","1,632", 77
20117,"4,098","1,813", 72
20119,"1,804",491, 43
20121,"5,877","3,076", 83
20123,"3,036",919, 41
20125,"12,023","4,933", 171
20127,"2,240",820, 43
20129,"1,533",322, 19
20131,"3,653","1,761", 71
20133,"4,968","2,679", 102
20135,"1,779",540, 43
20137,"2,515",611, 50
20139,"4,288","2,072", 83
20141,"2,171",686, 52
20143,"2,345",699, 52
20145,"2,570","1,092", 68
20147,"2,813",626, 38
20149,"4,598","1,798", 72
20151,"3,244","1,255", 50
20153,"1,625",412, 45
20155,"16,568","9,229", 362
20157,"3,009",887, 38
20159,"3,598","1,559", 82
20161,"11,308","5,975", 175
20163,"2,604",699, 46
20165,"1,758",718, 54
20167,"3,673","1,055", 43
20169,"15,244","6,526", 191
20171,"2,017",427, 42
20173,"95,874","55,263"," 2,178"
20175,"5,222","1,198", 64
20177,"43,465","26,338", 786
20179,"1,274",419, 32
20181,"2,702",714, 47
20183,"2,332",684, 63
20185,"2,062",844, 52
20187,783,205, 34
20189,"1,863",386, 22
20191,"6,942","3,708", 143
20193,"3,107",887, 57
20195,"1,491",598, 29
20197,"2,276",805, 49
20199,838,152, 20
20201,"2,979",889, 68
20203,916,232, 13
20205,"3,663","1,344", 64
20207,"1,408",596, 26
20209,"36,042","27,459", 635
21001,"4,500","1,812", 32
21003,"3,427","1,521", 16
21005,"3,425","1,717", 43
21007,"2,002","1,663", 20
21009,"7,717","4,503", 57
21011,"2,020","1,781", 19
21013,"7,249","5,490", 222
21015,"12,690","4,853", 106
21017,"3,836","2,649", 68
21019,"10,925","9,601", 95
21021,"5,675","3,378", 23
21023,"1,812","1,136", 28
21025,"3,435","2,855", 19
21027,"4,432","2,669", 31
21029,"9,556","5,005", 115
21031,"3,121","1,055", 15
21033,"3,162","2,427", 64
21035,"6,442","5,028", 45
21037,"21,473","9,068", 138
21039,"1,308","1,277", 23
21041,"1,824","1,564", 12
21043,"4,656","3,985", 34
21045,"4,356","1,122", 35
21047,"10,708","5,432", 69
21049,"6,130","3,595", 33
21051,"4,772","1,634", 20
21053,"3,459",838, 25
21055,"2,167","1,483", 13
21057,"2,729",766, 14
21059,"19,495","13,347", 244
21061,"3,001","1,200", 23
21063,"1,683",601, 10
21065,"3,512","1,593", 17
21067,"51,993","28,961", 792
21069,"2,824","1,616", 19
21071,"10,259","5,218", 66
21073,"11,057","7,790", 177
21075,"1,780","1,534", 16
21077,"1,042","1,042", 9
21079,"3,284","1,566", 36
21081,"2,840","1,685", 78
21083,"7,287","6,759", 124
21085,"5,524","2,200", 53
21087,"3,210","1,611", 17
21089,"7,451","6,923", 88
21091,"1,967","1,287", 47
21093,"14,293","6,329", 149
21095,"7,663","6,959", 140
21097,"3,467","2,405", 18
21099,"3,065","2,278", 29
21101,"7,389","6,795", 58
21103,"2,802","2,279", 29
21105,"1,380","1,049", 8
21107,"9,368","6,743", 55
21109,"3,856",542, 15
21111,"167,640","122,133", 977
21113,"7,081","2,379", 96
21115,"5,225","3,078", 46
21117,"34,304","14,642", 299
21119,"4,487","1,728", 33
21121,"5,730","2,932", 37
21123,"2,873","1,514", 13
21125,"9,621","3,267", 41
21127,"2,713","2,223", 23
21129,"1,862",768, 10
21131,"3,385","1,075", 15
21133,"4,707","4,073", 50
21135,"3,445","1,484", 18
21137,"3,996","2,498", 28
21139,"2,007","1,866", 18
21141,"4,889","3,347", 74
21143,"1,272",969, 14
21145,"12,903","12,535", 327
21147,"4,028","1,609", 70
21149,"1,942","1,917", 23
21151,"11,309","6,509", 108
21153,"2,942","2,343", 13
21155,"3,305","2,835", 19
21157,"5,725","5,152", 40
21159,"3,238","1,471", 51
21161,"3,751","2,663", 32
21163,"3,820","2,503", 24
21165,956,785, 29
21167,"4,592","2,516", 81
21169,"2,349","1,575", 20
21171,"4,760","1,052", 31
21173,"3,864","2,490", 23
21175,"2,481","1,834", 15
21177,"6,157","6,094", 26
21179,"6,044","4,199", 76
21181,"1,535","1,107", 33
21183,"5,119","3,253", 45
21185,"8,112","2,857", 22
21187,"1,778","1,612", 18
21189,"1,466",375, 10
21191,"2,767","1,529", 44
21193,"5,258","5,218", 61
21195,"15,817","11,869", 126
21197,"2,269","1,575", 13
21199,"14,434","4,384", 75
21201,567,467, 9
21203,"4,328","1,089", 11
21205,"3,698","2,748", 24
21207,"4,476","1,448", 30
21209,"4,461","2,606", 77
21211,"5,390","3,326", 23
21213,"3,073","2,140", 23
21215,"1,456",910, 6
21217,"5,932","3,286", 27
21219,"1,505",98, 313
21221,"2,512","1,905", 19
21223,"1,389","1,088", 13
21225,"3,090","2,524", 23
21227,"16,167","7,937", 74
21229,"2,804","1,786", 65
21231,"4,449","2,277", 15
21233,"3,042","2,504", 34
21235,"7,851","3,575", 90
21237,"1,394","1,257", 42
21239,"4,746","2,290", 76
22001,"14,906","9,262", 434
22003,"4,842","4,474", 66
22005,"11,945","11,048", 177
22007,"5,433","4,660", 270
22009,"6,808",364, 99
22011,"7,353","4,199", 96
22013,"4,587","3,530", 109
22015,"22,638","7,006", 138
22017,"63,429","35,727", 445
22019,"35,566","33,214", 430
22021,"1,348",110, 20
22023,"2,265","1,608", 33
22025,"3,640","1,649", 102
22027,"4,349","2,788", 77
22029,"6,177","3,332", 183
22031,"5,989","4,642", 108
22033,"95,704","56,673", 891
22035,"2,089","1,974", 69
22037,"4,166","4,122", 113
22039,"8,680","6,981", 183
22041,"6,708","2,937", 249
22043,"5,334","2,588", 175
22045,"17,727","10,170", 629
22047,"8,587","6,455", 117
22049,"5,034","2,568", 159
22051,"123,997","41,183", 843
22053,"8,296","5,962", 206
22055,"44,344","19,265", 849
22057,"10,186",729, 160
22059,"5,404","1,318", 153
22061,"9,087","5,432", 182
22063,"17,465","8,913", 198
22065,"2,906","2,849", 109
22067,"8,585","4,829", 271
22069,"8,836","5,806", 336
22071,"119,478","86,316"," 1,162"
22073,"37,270","15,525", 779
22075,"7,655","3,261", 61
22077,"6,732","5,477", 78
22079,"32,879","16,121", 963
22081,"3,060","1,958", 49
22083,"5,980","2,918", 185
22085,"6,295","2,980", 225
22087,"24,428","8,076", 153
22089,"10,185","6,784", 113
22091,"2,956","2,366", 113
22093,"5,989","4,627", 119
22095,"9,093","7,646", 112
22097,"19,055","17,950", 218
22099,"9,698","8,589", 304
22101,"15,275","9,411", 288
22103,"38,664","11,719", 392
22105,"19,580","12,799", 200
22107,"1,956","1,628", 71
22109,"23,696","9,640", 753
22111,"6,585","2,916", 222
22113,"9,033",510, 114
22115,"9,035","4,076", 258
22117,"11,185","7,680", 123
22119,"12,055","6,509", 113
22121,"4,631","4,189", 63
22123,"3,874","1,474", 121
22125,"2,296","2,097", 33
22127,"4,934","2,633", 160
23001,"26,904","19,885", 211
23003,"21,837","12,348", 153
23005,"65,842","49,894", 290
23007,"8,330","4,954", 65
23009,"14,660","7,764", 87
23011,"31,753","21,183", 255
23013,"11,311","6,024", 66
23015,"10,312","4,869", 55
23017,"15,408","8,430", 110
23019,"40,403","24,445", 206
23021,"5,427","3,016", 39
23023,"9,222","5,208", 90
23025,"13,010","7,657", 104
23027,"8,814","5,289", 63
23029,"9,713","5,308", 60
23031,"43,554","28,241", 275
24001,"19,763","11,143", 317
24003,"94,171","47,565", 855
24005,"171,929","106,908"," 1,591"
24009,"8,303","5,455", 82
24011,"4,876","2,198", 25
24013,"27,230","8,898", 71
24015,"13,111","6,681", 93
24017,"16,132","10,264", 64
24019,"6,699","3,160", 122
24021,"29,606","13,411", 96
24023,"7,042","2,386", 49
24025,"37,382","17,133", 127
24027,"35,641","25,713", 334
24029,"3,897","2,390", 36
24031,"146,924","146,036", 910
24033,"136,063","95,121"," 1,036"
24035,"6,784","2,938", 41
24037,"11,201","6,420", 49
24039,"4,508","2,439", 23
24041,"8,028","3,198", 30
24043,"27,118","13,329", 219
24045,"16,124","8,160", 48
24047,"8,208","3,770", 36
24510,"202,277","80,120"," 1,766"
25001,"51,261","38,369", 321
25003,"33,712","29,745", 328
25005,"94,010","93,232", 797
25007,"3,313","2,788", 24
25009,"162,152","132,353"," 1,151"
25011,"15,883","15,502", 148
25013,"89,330","84,985", 656
25015,"35,597","28,111", 234
25017,"325,065","319,604"," 2,085"
25019,"1,697","1,456", 17
25021,"160,313","138,222", 784
25023,"105,230","68,923", 618
25025,"152,568","91,563", 866
25027,"156,060","119,498", 882
26001,"3,223","1,616", 14
26003,"2,175","2,018", 15
26005,"23,762","8,389", 187
26007,"8,212","5,136", 49
26009,"5,726","2,507", 44
26011,"3,483","2,436", 22
26013,"1,965","1,818", 9
26015,"14,245","5,898", 122
26017,"26,198","22,597", 235
26019,"3,590","1,866", 46
26021,"43,160","21,228", 436
26023,"11,004","3,860", 81
26025,"34,470","20,313", 284
26027,"11,647","6,634", 113
26029,"6,355","3,175", 65
26031,"6,053","3,358", 41
26033,"8,135","4,575", 47
26035,"6,587","3,764", 61
26037,"17,387","6,226", 113
26039,"3,303","1,558", 35
26041,"8,952","7,934", 56
26043,"6,880","5,614", 36
26045,"27,720","10,290", 189
26047,"7,760","3,254", 66
26049,"92,943","89,491", 953
26051,"5,401","3,368", 75
26053,"5,554","4,006", 21
26055,"18,036","7,271", 157
26057,"10,456","4,000", 50
26059,"12,063","3,616", 89
26061,"8,652","6,434", 55
26063,"11,073","3,966", 52
26065,"68,753","46,411", 919
26067,"14,162","5,735", 138
26069,"7,907","3,850", 47
26071,"3,559","3,468", 29
26073,"12,215","6,435", 143
26075,"40,133","18,340", 312
26077,"58,327","32,460", 601
26079,"3,623","1,595", 21
26081,"137,417","66,238"," 1,365"
26083, 48.82%,628,599
26085,"2,125","1,845", 33
26087,"19,222","7,800", 178
26089,"5,356","2,498", 67
26091,"22,409","11,012", 176
26093,"31,846","10,720", 246
26095,"1,715",833, 13
26097,"3,627","1,949", 17
26099,"194,300","97,816"," 1,409"
26101,"6,328","3,917", 53
26103,"14,196","14,074", 132
26105,"8,202","3,803", 87
26107,"9,023","4,048", 71
26109,"6,618","4,425", 46
26111,"21,521","10,769", 262
26113,"3,970","1,256", 30
26115,"29,419","19,617", 251
26117,"13,109","5,491", 89
26119,"2,913","1,387", 13
26121,"39,355","25,247", 261
26123,"10,636","4,496", 73
26125,"306,050","150,286"," 2,464"
26127,"6,405","2,865", 55
26129,"4,901","3,132", 27
26131,"2,464","2,350", 22
26133,"5,923","2,127", 40
26135,"2,239",951, 19
26137,"4,639","2,117", 39
26139,"60,142","15,000", 326
26141,"4,207","2,481", 36
26143,"6,419","3,359", 45
26145,"51,495","38,420", 501
26147,"36,114","16,998", 287
26149,"15,405","5,795", 96
26151,"12,627","4,126", 57
26153,"2,139","1,920", 18
26155,"18,756","9,514", 161
26157,"14,698","6,212", 83
26159,"16,426","8,853", 166
26161,"58,736","55,084", 749
26163,"496,632","367,391"," 4,320"
26165,"7,279","3,398", 38
27001,"3,943","3,422", 51
27003,"50,305","46,578", 557
27005,"7,553","5,456", 92
27007,"7,481","7,414", 103
27009,"6,830","4,922", 131
27011,"1,994","1,821", 32
27013,"14,298","11,877", 172
27015,"8,399","4,469", 109
27017,"9,189","4,877", 137
27019,"11,963","6,725", 121
27021,"6,619","4,773", 78
27023,"3,964","3,047", 74
27025,"6,683","6,279", 87
27027,"11,565","10,294", 119
27029,"2,066","1,917", 42
27031,"1,219","1,129", 13
27033,"4,275","3,073", 37
27035,"11,362","8,719", 151
27037,"55,119","49,125", 667
27039,"4,428","2,786", 48
27041,"9,005","5,444", 94
27043,"5,690","3,993", 53
27045,"6,342","4,351", 67
27047,"9,338","8,413", 116
27049,"11,171","8,679", 128
27051,"2,111","1,867", 17
27053,"272,401","253,921"," 2,912"
27055,"5,645","3,512", 88
27057,"4,621","2,806", 55
27059,"5,660","5,378", 79
27061,"11,455","9,306", 187
27063,"3,437","3,131", 55
27065,"3,027","2,660", 37
27067,"9,539","8,402", 163
27069,"1,716","1,610", 23
27071,"4,238","3,466", 38
27073,"2,731","2,685", 81
27075,"4,468","2,003", 58
27077,"1,094",824, 22
27079,"6,033","5,070", 48
27081,"1,905","1,827", 71
27083,"7,170","5,389", 100
27085,"8,728","4,864", 135
27087,"1,328","1,241", 28
27089,"3,433","2,705", 69
27091,"7,308","4,673", 64
27093,"5,511","4,156", 53
27095,"4,307","4,011", 53
27097,"7,556","6,225", 99
27099,"12,498","8,054", 95
27101,"2,780","2,741", 54
27103,"7,472","5,789", 88
27105,"4,876","4,619", 110
27107,"2,202","2,152", 23
27109,"28,129","16,335", 359
27111,"15,664","9,714", 173
27113,"3,536","2,913", 40
27115,"5,223","4,493", 63
27117,"3,043","2,391", 67
27119,"8,617","7,033", 132
27121,"3,064","2,757", 41
27123,"141,623","95,667"," 2,153"
27125,"1,294","1,184", 15
27127,"6,020","2,957", 82
27129,"5,571","3,972", 86
27131,"10,880","10,456", 189
27133,"2,971","2,188", 37
27135,"3,445","2,319", 47
27137,"77,683","34,162"," 1,013"
27139,"12,573","9,452", 108
27141,"7,738","6,140", 82
27143,"4,638","2,761", 69
27145,"30,216","20,944", 485
27147,"8,780","5,060", 70
27149,"3,251","2,451", 44
27151,"3,531","2,893", 64
27153,"6,585","4,657", 63
27155,"1,399","1,325", 19
27157,"5,299","3,872", 76
27159,"4,306","2,454", 32
27161,"5,509","3,527", 55
27163,"29,046","28,527", 369
27165,"3,526","2,425", 27
27167,"2,367","1,410", 19
27169,"11,981","9,577", 212
27171,"15,399","12,486", 205
27173,"3,819","3,018", 79
28001,"9,440","7,849", 89
28003,"7,203","4,862", 214
28005,"3,463","2,569", 18
28007,"4,870","3,327", 18
28009,"1,737","1,715", 14
28011,"8,769","6,939", 116
28013,"3,579","1,749", 9
28015,"2,823","1,462", 12
28017,"3,605","2,329", 23
28019,"2,491","1,166", 6
28021,"3,179","1,294", 11
28023,"4,551","2,262", 19
28025,"4,112","4,046", 29
28027,"6,839","5,759", 212
28029,"5,806","4,591", 19
28031,"4,165","2,219", 29
28033,"12,576","4,369", 77
28035,"15,719","6,786", 71
28037,"2,564","1,494", 21
28039,"4,346","1,655", 27
28041,"2,744","1,297", 21
28043,"5,181","3,325", 15
28045,"7,662","2,630", 52
28047,"33,995","12,495", 187
28049,"56,953","42,373"," 1,142"
28051,"5,641","3,102", 10
28053,"2,596","2,309", 9
28055,512,501, 21
28057,"4,587","2,674", 24
28059,"29,585","8,821", 123
28061,"3,727","3,104", 71
28063,"3,049",856, 7
28065,"2,884","2,644", 38
28067,"17,586","7,298", 70
28069,"2,354","2,089", 13
28071,"6,006","3,646", 28
28073,"7,929","1,964", 37
28075,"18,807","7,534", 916
28077,"3,970","2,274", 9
28079,"4,663","2,845", 8
28081,"13,312","6,208", 210
28083,"7,550","7,443", 219
28085,"8,898","4,458", 25
28087,"12,049","6,078", 50
28089,"9,298","8,002", 163
28091,"7,355","3,757", 13
28093,"5,845","4,389", 44
28095,"7,387","4,437", 36
28097,"3,093","1,881", 9
28099,"6,715","2,630", 19
28101,"5,911","2,127", 34
28103,"2,928","2,123", 98
28105,"7,574","5,097", 26
28107,"5,850","5,465", 60
28109,"9,978","3,085", 49
28111,"3,098","1,415", 231
28113,"8,254","6,137", 20
28115,"5,182","2,434", 27
28117,"4,821","2,897", 14
28119,"2,343","2,198", 7
28121,"22,393","5,874", 41
28123,"5,763","3,274", 16
28125,"1,487",73, 115
28127,"5,983","2,894", 47
28129,"5,116","1,573", 21
28131,"2,980","1,185", 28
28133,"5,178","4,913", 20
28135,"2,901","2,725", 20
28137,"4,677","2,846", 34
28139,"4,706","2,566", 29
28141,"3,527","2,879", 22
28143,"1,621","1,109", 74
28145,"5,837","2,766", 14
28147,"3,305","2,219", 17
28149,"12,959","8,054", 235
28151,"12,454","10,617", 343
28153,"5,000","2,818", 18
28155,"3,390","1,397", 7
28157,"2,627","1,722", 35
28159,"5,192","3,543", 11
28161,"2,934","2,337", 14
28163,"6,275","5,037", 100
29001, 32.66%,"6,430","3,119"
29003, 36.62%,"4,252","2,457"
29005, 34.87%,"2,277","1,219"
29007, 39.10%,"7,261","4,662"
29009, 31.19%,"7,683","3,483"
29011, 25.22%,"3,996","1,348"
29013, 40.62%,"4,223","2,889"
29015, 37.17%,"3,805","2,251"
29017, 40.91%,"2,778","1,923"
29019, 42.13%,"26,600","19,364"
29021, 43.78%,"19,735","15,369"
29023, 35.04%,"8,712","4,699"
29025, 34.04%,"2,678","1,382"
29027, 34.37%,"8,262","4,327"
29029, 27.71%,"8,057","3,088"
29031, 29.68%,"17,404","7,346"
29033, 36.16%,"3,495","1,980"
29035, 39.52%,"1,402",916
29037, 34.21%,"14,456","7,517"
29039, 28.92%,"3,539","1,440"
29041, 44.99%,"2,744","2,244"
29043, 29.69%,"7,634","3,223"
29045, 44.03%,"2,068","1,627"
29047, 38.21%,"36,529","22,586"
29049, 39.66%,"4,226","2,778"
29051, 24.76%,"20,366","6,702"
29053, 32.53%,"4,603","2,219"
29055, 35.63%,"4,716","2,610"
29057, 29.73%,"2,600","1,100"
29059, 34.71%,"3,577","1,902"
29061, 38.73%,"2,414","1,526"
29063, 40.09%,"2,188","1,464"
29065, 42.16%,"3,490","2,544"
29067, 29.55%,"3,662","1,536"
29069, 44.91%,"6,092","4,967"
29071, 30.82%,"18,669","8,319"
29073, 19.46%,"4,678","1,130"
29075, 43.87%,"2,047","1,600"
29077, 32.82%,"57,250","27,965"
29079, 37.09%,"3,156","1,861"
29081, 36.70%,"2,844","1,649"
29083, 40.84%,"5,419","3,741"
29085, 35.63%,"2,190","1,212"
29087, 32.96%,"2,087","1,026"
29089, 46.04%,"2,360","2,014"
29091, 31.47%,"8,204","3,767"
29093, 46.62%,"2,316","2,023"
29095, 49.48%,"135,067","132,271"
29097, 28.64%,"23,066","9,259"
29099, 36.71%,"34,525","20,026"
29101, 33.50%,"8,413","4,238"
29103, 42.03%,"1,513","1,097"
29105, 29.38%,"6,406","2,665"
29107, 36.10%,"8,581","4,848"
29109, 30.77%,"8,370","3,720"
29111, 44.78%,"2,438","1,977"
29113, 34.90%,"6,137","3,290"
29115, 44.88%,"3,822","3,112"
29117, 39.76%,"4,090","2,699"
29119, 31.81%,"4,521","2,109"
29121, 40.07%,"4,542","3,037"
29123, 39.87%,"2,808","1,862"
29125, 37.98%,"2,267","1,388"
29127, 40.58%,"6,831","4,666"
29129, 41.59%,"1,229",875
29131, 23.45%,"6,706","2,054"
29133, 49.78%,"2,524","2,502"
29135, 27.77%,"4,197","1,614"
29137, 47.94%,"2,163","1,992"
29139, 33.84%,"3,261","1,668"
29141, 33.06%,"4,392","2,169"
29143, 46.62%,"4,323","3,776"
29145, 28.31%,"11,709","4,623"
29147, 39.79%,"5,471","3,615"
29149, 49.41%,"2,026","1,979"
29151, 23.46%,"4,381","1,343"
29153, 29.81%,"2,614","1,110"
29155, 46.87%,"3,733","3,293"
29157, 29.02%,"4,493","1,837"
29159, 33.00%,"10,991","5,413"
29161, 36.02%,"9,012","5,074"
29163, 45.72%,"3,933","3,313"
29165, 37.36%,"12,859","7,668"
29167, 34.02%,"5,467","2,819"
29169, 34.96%,"5,330","2,865"
29171, 34.10%,"1,540",797
29173, 49.31%,"2,067","2,011"
29175, 43.81%,"5,735","4,471"
29177, 44.94%,"4,875","3,979"
29179, 39.63%,"2,026","1,330"
29181, 39.15%,"2,927","1,883"
29183, 26.94%,"47,784","17,617"
29185, 38.29%,"2,667","1,655"
29186, 45.63%,"3,245","2,723"
29187, 42.16%,"9,792","7,137"
29189, 36.01%,"307,684","173,144"
29195, 41.47%,"6,042","4,281"
29197, 47.72%,"1,250","1,141"
29199, 41.99%,"1,485","1,075"
29201, 38.95%,"8,727","5,569"
29203, 47.04%,"1,779","1,580"
29205, 41.22%,"2,243","1,573"
29207, 39.05%,"6,701","4,294"
29209, 27.08%,"5,706","2,119"
29211, 43.62%,"2,306","1,784"
29213, 29.14%,"7,082","2,912"
29215, 39.58%,"5,591","3,662"
29217, 36.55%,"5,181","2,984"
29219, 27.61%,"5,150","1,964"
29221, 44.30%,"3,755","2,987"
29223, 45.18%,"2,867","2,363"
29225, 35.04%,"5,529","2,982"
29227, 44.35%,921,734
29229, 29.62%,"4,687","1,973"
29510, 35.20%,"112,318","61,020"
30001,"3,044",942, 49
30003,"2,681","2,390", 39
30005,"1,736","1,229", 32
30007,"1,345",458, 27
30009,"2,877","1,657", 53
30011,823,194, 11
30013,"19,846","14,252", 407
30015,"2,425",896, 39
30017,"3,879","1,982", 58
30019,984,473, 20
30021,"3,468","1,776", 70
30023,"3,539","1,901", 65
30025,"1,237",569, 23
30027,"4,585","1,804", 70
30029,"17,012","8,310", 481
30031,"15,643","8,163", 334
30033,770,134, 7
30035,"2,228","2,167", 40
30037,384,211, 5
30039,880,417, 25
30041,"4,635","3,657", 98
30043,"2,226","1,324", 68
30045,"1,050",483, 17
30047,"5,754","3,473", 121
30049,"13,569","8,768", 289
30051,895,323, 11
30053,"4,080","2,959",145
30055,"1,015",459, 23
30057,"2,308",708, 53
30059,771,283, 15
30061,943,718,43
30063,"19,777","16,540", 620
30065,"1,541",781, 37
30067,"4,115","2,387", 79
30069,258,86, 3
30071,"1,934",787, 28
30073,"2,239","1,039", 38
30075,"1,066",346, 17
30077,"1,877","1,066",69
30079,693,289, 9
30081,"8,161","3,825", 168
30083,"3,847","1,382", 52
30085,"2,431","1,962", 71
30087,"2,413","1,920", 69
30089,"2,467","1,654", 83
30091,"1,774","1,087", 18
30093,"11,095","6,637", 278
30095,"2,118","1,100", 40
30097,"1,417",378, 8
30099,"2,257","1,102", 25
30101,"1,949",789, 30
30103,353,209,14
30105,"3,123","1,849", 74
30107,753,407, 13
30109,423,216, 12
30111,"34,124","19,437", 592
31001,"9,127","2,945", 83
31003,"3,222",697, 20
31005, 11.74%,248,33
31007,457,58, 7
31009, 11.68%,363,48
31011,"2,508",690, 17
31013,"4,011","1,471", 43
31015,"1,175",308, 13
31017,"1,514",312, 7
31019,"11,365","3,086", 99
31021,"2,645","1,054", 22
31023,"2,557","1,193", 35
31025,"5,461","2,499", 66
31027,"3,298","1,201", 37
31029,"1,697",368, 32
31031,"2,720",463, 15
31033,"3,159",857, 48
31035,"2,920",811, 25
31037,"2,999",981, 36
31039,"3,931",779, 30
31041,"4,749","1,090", 28
31043,"3,467","2,510", 25
31045,"3,326",865, 41
31047,"6,887","1,487", 33
31049,962,198, 7
31051,"2,155",986, 23
31053,"10,201","4,266", 74
31055,"112,676","58,979"," 1,003"
31057,992,225, 8
31059,"2,474","1,009", 28
31061,"1,597",522, 8
31063,"1,351",258, 8
31065,"2,363",579, 24
31067,"6,116","2,709", 67
31069,"1,158",180, 13
31071,899,196, 9
31073,802,201, 8
31075,406,51, 2
31077,948,485, 9
31079,"13,193","4,655", 108
31081,"3,418",842, 25
31083,"1,692",493, 18
31085, 14.55%,593,101
31087,"1,391",341, 7
31089,"4,613",893, 39
31091,433,55, 5
31093,"1,899",887, 20
31095,"3,116","1,367", 40
31097,"1,542",821, 33
31099,"2,508",726, 28
31101,"3,433",631, 18
31103, 20.16%,507,128
31105,"1,734",339, 14
31107,"3,364","1,149", 47
31109,"48,778","32,898", 569
31111,"10,717","4,509", 81
31113,446,67, 1
31115,323,79, 2
31117,295,57, 4
31119,"9,790","1,757", 42
31121,"2,700",818, 28
31123,"1,888",464, 14
31125,"1,393",525, 13
31127,"2,752","1,004", 37
31129,"2,132",947, 19
31131,"4,679","1,869", 48
31133,"1,306",552, 26
31135,"1,420",307, 9
31137,"3,741",740, 20
31139,"3,017",545, 27
31141,"10,069","2,061", 92
31143,"2,149",610, 17
31145,"4,131","1,026", 27
31147,"3,634","1,422", 42
31149,873,147, 3
31151,"2,942","2,385", 67
31153,"20,192","6,838", 130
31155,"5,217","2,467", 63
31157,"10,711","3,074", 93
31159,"3,983","1,911", 43
31161,"2,661",377, 23
31163,"1,144",701, 17
31165,732,121, 7
31167,"2,082",411, 15
31169,"2,580",946, 25
31171,298,73, 3
31173,"1,410","1,077", 13
31175,"2,055",739, 13
31177,"5,191","1,565", 35
31179,"3,075",833, 28
31181,"1,694",645, 16
31183,365,97, 3
31185, 17.92%,"5,147","1,124"
32001,"4,479","1,304", 147
32003,"94,133","53,386"," 2,844"
32005,"6,385","1,877", 187
32007,"5,110","1,566", 185
32009,158,19,17
32011,439,124, 15
32013,"2,498",862, 90
32015,"1,222",301, 38
32017,"1,175",397, 44
32019,"4,320","1,673", 184
32021,766,57, 36
32023,"3,573","1,269", 147
32027,956,333, 41
32029,570,252, 32
32031,"50,418","22,321"," 1,772"
32033,"1,276",78, 40
32510,"9,477","3,790", 269
33001,"14,200","4,743", 84
33003,"11,891","3,806", 67
33005,"15,851","8,990", 100
33007,"10,013","4,004", 40
33009,"18,451","8,757", 92
33011,"81,462","33,314", 475
33013,"27,925","13,510", 144
33015,"57,586","25,557", 297
33017,"20,452","12,752", 152
33019,"9,220","4,962", 57
34001,"49,158","33,240", 453
34003,"268,507","155,039"," 1,172"
34005,"89,815","57,467", 377
34007,"109,749","90,233", 904
34009,"28,786","13,378", 133
34011,"29,398","21,141", 616
34013,"173,295","136,798"," 4,450"
34015,"54,041","32,702", 307
34017,"112,834","94,304"," 1,106"
34019,"29,737","10,972", 370
34021,"71,195","66,398", 528
34023,"160,221","104,905"," 2,727"
34025,"152,595","79,382", 932
34027,"137,719","53,201", 584
34029,"124,391","51,012"," 1,710"
34031,"101,951","69,590"," 3,399"
34033,"17,368","8,935", 149
34035,"66,303","31,924"," 1,069"
34037,"35,680","11,502", 163
34039,"135,446","92,056"," 1,638"
34041,"21,938","10,647", 122
35001,"104,694","67,789"," 1,779"
35003,970,418, 27
35005,"15,248","5,332", 202
35006,"3,578","3,140", 22
35007,"2,994","2,435", 56
35009,"9,188","3,108", 119
35011,756,386, 17
35013,"22,153","13,878", 362
35015,"11,810","7,364", 191
35017,"5,755","4,979", 106
35019,990,946, 30
35021,401,224, 6
35023,"1,282",860, 19
35025,"14,569","4,558", 230
35027,"3,992","1,134", 56
35028,"6,882","2,859", 147
35029,"4,145","2,557", 74
35031,"7,915","6,557", 171
35033,"1,235","1,017", 35
35035,"9,751","4,167", 169
35037,"2,842","1,368", 43
35039,"6,938","4,116", 92
35041,"4,598","1,696", 69
35043,"9,005","7,080", 161
35045,"18,690","8,963", 257
35047,"5,227","3,485", 138
35049,"18,262","15,886", 404
35051,"2,663","1,335", 37
35053,"3,403","2,541", 104
35055,"5,144","4,154", 134
35057,"2,326","1,274", 33
35059,"1,503",488, 28
35061,"8,474","5,393", 182
36001,"75,447","74,542", 603
36003,"14,527","4,720", 57
36005,"223,112","109,308"," 1,263"
36007,"58,109","37,658", 322
36009,"24,162","10,194", 112
36011,"21,451","12,207", 121
36013,"39,597","22,986", 141
36015,"24,909","14,638", 100
36017,"14,254","6,343", 51
36019,"19,549","10,804", 90
36021,"18,814","8,960", 117
36023,"13,691","6,438", 95
36025,"14,002","5,745", 83
36027,"70,324","32,867", 389
36029,"237,631","222,882"," 1,158"
36031,"12,114","5,119", 87
36033,"10,617","6,400", 47
36035,"14,887","7,644", 87
36037,"16,582","8,549", 79
36039,"14,150","5,858", 62
36041,"2,637",737, 8
36043,"18,827","10,346", 85
36045,"23,445","10,960", 91
36047,"368,518","230,064"," 2,189"
36049,"7,069","2,757", 34
36051,"16,389","7,399", 104
36053,"17,568","8,291", 104
36055,"182,696","132,109"," 1,472"
36057,"14,398","9,044", 78
36059,"392,017","240,697"," 1,349"
36061,"379,521","144,281"," 2,869"
36063,"51,289","41,368", 201
36065,"65,377","42,603", 289
36067,"121,857","81,777", 680
36069,"24,507","12,844", 143
36071,"69,413","32,663", 337
36073,"10,543","4,429", 52
36075,"31,481","14,347", 206
36077,"16,777","9,582", 152
36079,"25,707","9,473", 97
36081,"328,379","285,477"," 1,722"
36083,"43,892","26,755", 217
36085,"83,187","44,345", 294
36087,"70,020","44,687", 311
36089,"26,062","15,963", 124
36091,"47,394","22,166", 228
36093,"42,808","30,612", 277
36095,"8,692","3,996", 100
36097,"5,207","2,422", 31
36099,"9,420","4,825", 62
36101,"28,848","10,471", 98
36103,"335,485","171,295"," 1,276"
36105,"18,037","10,475", 78
36107,"14,856","5,860", 101
36109,"19,357","18,255", 165
36111,"47,372","26,445", 285
36113,"17,616","5,886", 66
36115,"16,580","5,909", 74
36117,"24,171","9,700", 180
36119,"229,005","160,225"," 1,078"
36121,"11,199","4,381", 42
36123,"6,367","2,670", 25
37001,"26,063","11,230", 77
37003,"8,502","3,581", 24
37005,"2,589","2,013", 15
37007,"5,015","3,719", 26
37009,"6,611","4,009", 25
37011,"4,702","1,159", 25
37013,"9,284","5,987", 33
37015,"3,953","2,879", 38
37017,"5,064","4,701", 14
37019,"9,673","6,774", 41
37021,"37,698","23,337", 148
37023,"18,766","10,353", 59
37025,"22,528","8,477", 53
37027,"17,024","7,311", 59
37029,"1,282","1,075", 6
37031,"11,637","5,882", 38
37033,"4,157","3,992", 25
37035,"31,476","11,700", 74
37037,"8,595","7,458", 46
37039,"4,894","2,776", 9
37041,"2,171","1,736", 11
37043,"2,259","1,340", 20
37045,"17,095","10,288", 89
37047,"9,150","8,728", 26
37049,"12,893","7,186", 55
37051,"31,602","22,614", 103
37053,"2,885","1,668", 9
37055,"4,738","1,839", 19
37057,"30,471","11,469", 61
37059,"8,201","2,911", 13
37061,"7,708","6,830", 17
37063,"32,244","29,185", 155
37065,"10,545","9,635", 36
37067,"59,208","36,814", 189
37069,"5,984","4,766", 18
37071,"39,167","14,142", 83
37073,"2,225","1,694", 11
37075,"2,514","1,494", 6
37077,"6,302","5,217", 61
37079,"3,195","2,772", 8
37081,"73,096","46,027", 213
37083,"9,278","8,832", 43
37085,"11,198","7,106", 19
37087,"10,146","7,958", 27
37089,"19,369","7,222", 106
37091,"4,498","3,176", 21
37093,"3,214","2,449", 14
37095,"1,195","1,004", 3
37097,"23,641","9,999", 64
37099,"5,582","4,367", 25
37101,"16,210","7,833", 37
37103,"2,062","2,025", 12
37105,"8,198","3,925", 28
37107,"13,321","8,556", 37
37109,"12,621","5,996", 42
37111,"7,639","4,076", 21
37113,"6,661","3,570", 25
37115,"3,666","2,988", 35
37117,"4,266","3,870", 17
37119,"106,754","63,190", 393
37121,"4,737","1,286", 11
37123,"5,109","3,831", 12
37125,"14,681","7,063", 38
37127,"17,295","8,588", 34
37129,"23,771","12,591", 90
37131,"5,094","3,198", 38
37133,"13,928","5,713", 46
37135,"20,564","15,585", 128
37137,"2,554","2,152", 11
37139,"4,646","3,854", 13
37141,"5,079","4,354", 20
37143,"1,939","1,441", 5
37145,"5,854","3,528", 15
37147,"18,983","13,481", 62
37149,"4,046","2,169", 36
37151,"25,759","7,511", 29
37153,"7,494","6,807", 29
37155,"15,257","12,947", 87
37157,"17,895","10,605", 39
37159,"25,207","10,643", 57
37161,"11,369","6,862", 37
37163,"10,665","9,115", 16
37165,"4,077","4,028", 12
37167,"13,116","6,138", 35
37169,"9,515","4,950", 33
37171,"13,340","7,188", 34
37173,"2,012","2,000", 10
37175,"6,956","3,733", 28
37177,807,774, 2
37179,"16,885","7,048", 35
37181,"6,836","5,880", 18
37183,"81,251","50,323", 297
37185,"3,946","2,664", 8
37187,"3,114","2,731", 7
37189,"9,370","5,163", 46
37191,"17,961","10,011", 36
37193,"18,670","6,852", 42
37195,"12,243","8,343", 57
37197,"8,976","3,075", 19
37199,"4,296","3,651", 14
38001,"1,343",530, 27
38003,"4,348","2,507", 70
38005,"1,729","1,599", 35
38007,505,133, 15
38009,"3,356","1,279", 53
38011,"1,559",562, 28
38013,"1,298",543, 28
38015,"19,913","8,781", 482
38017,"29,221","18,054", 354
38019,"2,661","1,110", 33
38021,"2,460","1,051", 35
38023,626,39, 10
38025,"1,583",716, 25
38027,"1,049",796, 15
38029,"1,885",620, 61
38031,"1,422",765, 27
38033,964,325, 30
38035,"15,898","10,050", 243
38037,"1,607",507, 31
38039,"1,254",828, 12
38041,"1,646",524, 32
38043,506,39, 22
38045,"1,978","1,086", 44
38047,401,41, 12
38049,"2,485","1,283", 33
38051,"2,047",427, 39
38053,"2,610",974, 43
38055,"3,673","2,062", 112
38057,"3,705","1,729", 76
38059,"7,146","3,996", 214
38061,"1,959","1,565", 31
38063,"1,445","1,026", 42
38065,915,419, 23
38067,"2,895","1,367", 125
38069,"1,883",691, 52
38071,"4,150","2,304", 99
38073,"1,706","1,222", 45
38075,"1,163",592, 19
38077,"5,980","3,047", 106
38079,"2,179","1,479", 93
38081,"1,385","1,295", 45
38083,"1,075",306, 15
38085,655,442, 21
38087,419,174, 12
38089,"7,641","2,759", 340
38091,941,781, 18
38093,"6,591","3,495", 122
38095,"1,242",789, 34
38097,"3,037","1,580", 77
38099,"4,347","2,264", 93
38101,"16,077","7,336", 210
38103,"2,426","1,036", 44
38105,"8,166","3,177", 180
39001,"6,113","3,534", 82
39003,"33,506","12,176", 229
39005,"14,339","4,786", 147
39007,"21,669","19,344", 384
39009,"11,548","10,201", 209
39011,"14,766","4,102", 132
39013,"19,458","15,170", 228
39015,"8,221","4,067", 116
39017,"76,216","27,700", 598
39019,"6,703","3,771", 110
39021,"9,935","3,544", 121
39023,"35,831","21,154", 759
39025,"35,316","11,713", 290
39027,"9,603","3,332", 83
39029,"24,552","20,155", 403
39031,"9,842","4,392", 89
39033,"14,682","4,932", 206
39035,"362,626","284,094"," 4,913"
39037,"16,379","5,904", 211
39039,"10,951","5,004", 175
39041,"19,050","5,773", 166
39043,"19,174","13,508", 472
39045,"30,843","9,817", 373
39047,"6,838","2,126", 57
39049,"250,360","131,530"," 8,584"
39051,"11,412","4,217", 101
39053,"8,194","4,251", 109
39055,"22,369","9,954", 431
39057,"34,267","17,129", 316
39059,"10,252","4,967", 125
39061,"246,288","140,350"," 2,177"
39063,"22,169","5,758", 370
39065,"8,722","3,813", 85
39067,"4,276","3,370", 66
39069,"9,317","2,779", 77
39071,"9,000","3,784", 91
39073,"6,071","3,280", 112
39075,"5,146","1,737", 61
39077,"14,388","6,609", 174
39079,"7,411","4,369", 128
39081,"22,832","17,105", 340
39083,"14,062","5,730", 109
39085,"54,587","36,711"," 1,027"
39087,"14,793","11,431", 213
39089,"37,560","13,995", 421
39091,"12,230","3,645", 104
39093,"57,379","52,970"," 2,672"
39095,"100,285","97,293"," 1,976"
39097,"8,979","2,928", 80
39099,"76,514","53,424"," 1,500"
39101,"17,392","8,827", 224
39103,"30,690","15,897", 357
39105,"6,307","3,549", 73
39107,"11,542","4,422", 180
39109,"26,300","9,695", 320
39111,"3,611","3,302", 65
39113,"137,053","94,016"," 1,333"
39115,"3,994","1,868", 41
39117,"8,116","2,839", 87
39119,"21,821","10,037", 243
39121,"3,853","1,777", 61
39123,"10,920","7,053", 102
39125,"5,545","2,811", 83
39127,"7,548","3,961", 88
39129,"11,942","4,110", 108
39131,"6,318","4,895", 89
39133,"29,536","21,719", 432
39135,"11,065","4,198", 140
39137,"11,936","3,194", 121
39139,"35,299","16,141", 396
39141,"17,015","8,020", 513
39143,"17,214","8,564", 242
39145,"18,818","14,120", 281
39147,"16,520","7,905", 217
39149,"13,509","4,315", 159
39151,"98,434","65,157"," 1,325"
39153,"115,637","109,569"," 1,574"
39155,"56,902","45,623", 734
39157,"19,366","13,149", 239
39159,"9,336","2,579", 86
39161,"9,570","3,338", 80
39163,"3,041","1,990", 54
39165,"29,848","9,031", 191
39167,"16,529","7,920", 544
39169,"24,475","11,323", 305
39171,"10,804","3,624", 150
39173,"29,750","15,907", 297
39175,"7,204","2,342", 84
40001,"4,423","2,266", 56
40003,"2,715",866, 27
40005,"2,361","2,047", 36
40007,"2,689",536, 27
40009,"5,005","2,601", 48
40011,"4,037","1,484", 33
40013,"6,246","5,475", 48
40015,"6,811","4,463", 67
40017,"20,929","5,245", 146
40019,"11,578","6,161", 83
40021,"7,614","5,307", 94
40023,"3,155","2,801", 31
40025,"1,420",359, 15
40027,"42,806","16,512", 387
40029,"1,284","1,259", 21
40031,"21,382","8,890", 122
40033,"1,796","1,264", 20
40035,"3,629","2,515", 46
40037,"15,011","7,465", 152
40039,"8,191","2,700", 49
40041,"6,690","3,789", 63
40043,"2,098",664, 15
40045,"1,881",562, 17
40047,"19,642","5,730", 162
40049,"7,505","4,215", 91
40051,"11,042","4,846", 72
40053,"2,470",825, 29
40055,"1,664","1,220", 17
40057,"1,009",785, 11
40059,"1,748",373, 25
40061,"2,535","2,417", 29
40063,"2,901","2,663", 34
40065,"5,773","2,996", 26
40067,"1,656","1,496", 27
40069,"2,195","1,820", 23
40071,"16,731","6,044", 136
40073,"5,528","1,125", 33
40075,"2,951","2,016", 28
40077,"2,210","1,858", 32
40079,"8,604","5,990", 104
40081,"8,088","3,020", 81
40083,"8,356","3,551", 71
40085,"1,833","1,359", 17
40087,"6,056","2,549", 67
40089,"6,381","3,994", 41
40091,"3,646","3,479", 40
40093,"3,385",619, 31
40095,"2,488","2,039", 33
40097,"8,585","5,154", 99
40099,"3,073","2,229", 45
40101,"14,652","12,343", 188
40103,"4,018","1,238", 23
40105,"3,030","1,687", 44
40107,"2,443","1,684", 18
40109,"159,974","60,235"," 3,052"
40111,"8,704","7,380", 105
40113,"10,083","6,095", 79
40115,"7,666","5,781", 58
40117,"4,699","2,165", 64
40119,"20,811","7,653", 184
40121,"9,778","6,860", 122
40123,"8,301","5,526", 80
40125,"16,143","6,966", 152
40127,"2,499","2,079", 36
40129,"1,550",680, 13
40131,"16,137","6,013", 138
40133,"6,009","3,957", 64
40135,"7,042","4,202", 56
40137,"12,871","6,359", 103
40139,"5,968","1,033", 38
40141,"2,637","1,674", 15
40143,"159,549","58,274"," 1,049"
40145,"12,534","5,271", 108
40147,"19,043","5,476", 148
40149,"3,847","1,547", 36
40151,"3,741","1,231", 46
40153,"6,376","1,647", 40
41001,"5,204","2,591", 17
41003,"17,836","16,073", 153
41005,"68,630","47,254", 289
41007,"7,525","7,522", 38
41009,"8,219","7,811", 75
41011,"13,637","13,582", 120
41013,"3,773","2,268", 23
41015,"5,363","3,423", 29
41017,"19,323","11,671", 72
41019,"25,243","14,609", 144
41021,700,369, 4
41023,"2,695","1,344", 2
41025,"2,197","1,290", 25
41027,"4,531","3,022", 18
41029,"37,895","23,230", 234
41031,"3,283","1,920", 13
41033,"19,470","8,539", 53
41035,"17,686","7,575", 74
41037,"2,466","1,184", 3
41039,"63,999","61,493", 360
41041,"9,110","8,637", 57
41043,"23,463","16,161", 75
41045,"8,441","2,611", 19
41047,"54,535","36,440", 234
41049,"2,130","1,254", 13
41051,"144,179","119,932"," 1,428"
41053,"12,678","8,709", 45
41055,828,398, 1
41057,"5,267","4,988", 53
41059,"14,211","8,246", 57
41061,"6,645","4,134", 50
41063,"2,619","1,204", 8
41065,"6,905","5,526", 41
41067,"75,877","44,602", 417
41069, 33.42%,504,253
41071,"15,797","9,450", 104
42001,"16,786","7,289", 99
42003,"372,576","284,692"," 8,480"
42005,"14,525","13,709", 110
42007,"54,765","32,052", 300
42009,"13,085","5,424", 34
42011,"74,605","37,849", 691
42013,"30,104","15,651", 190
42015,"14,808","5,474", 85
42017,"130,119","74,568"," 1,032"
42019,"31,676","24,735", 215
42021,"39,865","32,173", 258
42023,"2,031",990, 8
42025,"10,701","8,836", 131
42027,"27,802","16,194", 240
42029,"92,221","38,870", 440
42031,"9,836","5,407", 61
42033,"18,653","11,963", 153
42035,"6,678","4,525", 70
42037,"14,402","8,254", 62
42039,"20,181","12,792", 222
42041,"49,282","21,374", 467
42043,"54,330","33,576", 752
42045,"161,754","98,207"," 1,821"
42047,"8,470","5,486", 51
42049,"55,860","52,471", 935
42051,"35,098","21,314", 135
42053,"1,468",839, 10
42055,"27,243","11,480", 122
42057,"3,254","1,309", 11
42059,"9,365","6,376", 43
42061,"10,220","4,430", 41
42063,"18,845","15,791", 123
42065,"11,334","5,950", 71
42067,"5,059","2,624", 22
42069,"48,132","45,851"," 1,202"
42071,"99,090","31,308", 618
42073,"23,981","19,277", 128
42075,"27,008","10,520", 188
42077,"61,799","41,089", 649
42079,"69,169","58,482"," 1,640"
42081,"28,498","13,147", 250
42083,"10,963","4,818", 58
42085,"24,658","24,211", 434
42087,"9,106","5,178", 89
42089,"16,109","8,193", 172
42091,"181,426","99,741"," 1,499"
42093,"4,174","2,055", 19
42095,"44,648","37,979", 840
42097,"22,109","13,748", 308
42099,"9,365","3,692", 56
42101,"501,369","267,178"," 3,555"
42103,"6,343","2,503", 67
42105,"5,164","1,789", 31
42107,"37,330","25,758", 224
42109,"8,968","2,383", 40
42111,"19,502","13,900", 89
42113,"1,926",952, 11
42115,"10,566","4,471", 67
42117,"10,532","4,060", 52
42119,"7,792","2,747", 40
42121,"13,507","9,114", 104
42123,"10,838","6,244", 139
42125,"50,911","34,782", 244
42127,"10,061","3,155", 81
42129,"79,906","71,377"," 1,181"
42131,"7,230","2,518", 21
42133,"75,020","33,359", 868
44001,"11,635","9,386", 63
44003,"40,427","31,352", 214
44005,"19,629","14,466", 114
44007,"124,109","116,024", 765
44009,"24,365","17,793", 147
45001,"3,798","3,051", 26
45003,"25,872","9,892", 369
45005,"2,170","1,570", 29
45007,"24,123","10,324", 244
45009,"2,908","2,892", 31
45011,"4,346","2,811", 32
45013,"13,668","7,347", 103
45015,"16,972","7,380", 159
45017,"2,742","2,315", 37
45019,"53,779","29,481"," 1,000"
45021,"8,655","4,101", 53
45023,"4,441","3,559", 45
45025,"5,451","4,593", 23
45027,"5,591","5,102", 53
45029,"6,200","4,910", 35
45031,"11,100","7,456", 354
45033,"4,646","3,360", 44
45035,"15,289","7,037", 73
45037,"3,227","3,224", 27
45039,"4,117","3,147", 23
45041,"22,753","14,639", 208
45043,"7,370","6,392", 68
45045,"66,766","24,137", 466
45047,"10,887","6,339", 81
45049,"3,736","3,464", 28
45051,"20,396","8,940", 127
45053,"3,753","3,102", 24
45055,"8,822","4,323", 81
45057,"10,383","5,804", 57
45059,"9,729","5,312", 45
45061,"3,912","3,548", 40
45063,"38,628","8,828", 265
45065,"1,526","1,186", 14
45067,"5,043","4,698", 32
45069,"4,294","3,951", 38
45071,"7,176","3,790", 42
45073,"8,625","3,333", 86
45075,"15,121","14,286", 229
45077,"15,155","4,481", 128
45079,"46,773","32,212"," 2,444"
45081,"3,515","1,962", 24
45083,"41,553","20,130", 892
45085,"12,909","9,566", 115
45087,"6,331","4,424", 41
45089,"7,586","6,492", 50
45091,"20,008","9,273", 146
46003,"1,029",840, 14
46005,"5,876","3,523", 23
46007,856,453, 7
46009,"2,478","1,408", 20
46011,"6,679","4,089", 46
46013,"10,541","6,852", 72
46015,"1,578",961, 17
46017,253,236, 5
46019,"2,865",784, 18
46021,"1,035",214, 6
46023,"2,660","1,879", 24
46025,"1,748",960, 10
46027,"3,057","2,711", 40
46029,"6,108","3,528", 42
46031,955,792, 6
46033,"2,183",858, 22
46035,"4,783","3,248", 17
46037,"2,150","1,932", 19
46039,"1,537",941, 12
46041,941,772, 14
46043,"1,713",536, 5
46045,"1,553","1,007", 10
46047,"2,748","1,135", 22
46049,"1,124",579, 3
46051,"2,738","1,606", 16
46053,"1,777",780, 12
46055,"1,168",237, 5
46057,"1,782",963, 16
46059,"2,030",846, 10
46061,898,625, 7
46063,723,186, 3
46065,"4,985","2,072", 32
46067,"3,372","1,237", 15
46069,797,350, 1
46071,903,365, 7
46073,"1,012",542, 8
46075,689,206, 4
46077,"2,121","1,249", 13
46079,"3,027","2,367", 19
46081,"5,949","2,565", 55
46083,"3,988","2,626", 22
46085,"1,120",478, 7
46087,"1,902","1,448", 12
46089,"1,813",418, 5
46091,"1,529","1,111", 9
46093,"5,908","2,093", 40
46095,616,303, 8
46097,"1,004",960, 13
46099,"29,908","23,042", 221
46101,"1,633","1,586", 9
46103,"21,947","8,224", 218
46105,"1,686",714, 11
46107,"1,551",482, 2
46109,"2,767","2,063", 10
46111,"1,080",611, 4
46113,"1,489",324, 16
46115,"2,627","1,680", 17
46117,942,351, 6
46119,836,266, 5
46121,"1,022",679, 13
46123,"2,483",935, 22
46125,"3,086","1,486", 20
46127,"2,431","2,221", 25
46129,"2,396",779, 19
46135,"5,161","2,932", 52
46137,429,359, 4
47001,"16,783","10,415", 176
47003,"4,699","4,499", 98
47005,"3,398","2,481", 18
47007,"1,950","1,316", 20
47009,"20,525","9,188", 146
47011,"16,322","6,085", 95
47013,"5,685","4,692", 67
47015,"1,846","1,669", 45
47017,"6,017","4,568", 77
47019,"13,153","4,642", 138
47021,"4,109","3,007", 53
47023,"2,793","1,854", 33
47025,"4,474","2,870", 27
47027,"1,338","1,281", 15
47029,"6,665","2,068", 95
47031,"7,695","5,691", 82
47033,"2,479","1,937", 13
47035,"7,083","3,605", 68
47037,"98,155","89,498"," 1,161"
47039,"2,390","2,031", 20
47041,"2,645","2,337", 28
47043,"5,846","5,809", 150
47045,"6,610","3,991", 41
47047,"3,733","3,634", 34
47049,"2,922","1,755", 22
47051,"5,846","5,705", 70
47053,"9,484","8,334", 174
47055,"3,875","3,812", 52
47057,"3,212","1,565", 37
47059,"13,215","4,763", 87
47061,"2,596","1,396", 23
47063,"11,144","4,922", 92
47065,"69,626","41,449", 547
47067,"1,491",619, 24
47069,"3,797","3,712", 117
47071,"4,632","3,051", 90
47073,"9,863","4,802", 128
47075,"3,308","2,839", 19
47077,"5,362","2,426", 33
47079,"5,407","5,376", 54
47081,"2,941","2,370", 23
47083,"1,716",882, 21
47085,"3,668","2,249", 16
47087,"2,894","1,544", 48
47089,"7,721","3,185", 69
47091,"3,853",999, 19
47093,"76,965","43,448", 574
47095,"1,191",878, 23
47097,"3,566","3,506", 27
47099,"6,034","5,458", 71
47101,"1,733","1,556", 17
47103,"4,103","3,982", 29
47105,"7,113","3,227", 65
47107,"9,604","5,141", 68
47109,"4,776","3,825", 30
47111,"3,330","1,747", 28
47113,"17,819","12,006", 55
47115,"4,337","3,942", 52
47117,"3,416","2,935", 42
47119,"9,008","6,950", 75
47121,"1,575","1,012", 15
47123,"6,665","4,223", 59
47125,"13,228","9,939", 198
47127,863,808, 9
47129,"2,903","2,121", 52
47131,"6,384","4,769", 99
47133,"2,749","2,054", 27
47135,"1,316",948, 3
47137,"1,246",706, 5
47139,"2,785","2,112", 63
47141,"8,999","7,443", 99
47143,"5,692","2,804", 91
47145,"11,882","6,623", 109
47147,"5,756","5,445", 62
47149,"19,503","11,618", 348
47151,"3,107","1,810", 44
47153,"1,785","1,238", 19
47155,"12,517","3,384", 140
47157,"169,717","165,947"," 1,638"
47159,"3,258","2,393", 40
47161,"2,174","1,285", 31
47163,"36,516","16,925", 394
47165,"18,442","11,535", 209
47167,"5,945","3,895", 34
47169,"1,142",781, 12
47171,"4,249","1,696", 34
47173,"2,447","1,495", 36
47175,810,718, 7
47177,"4,813","4,811", 67
47179,"21,762","9,452", 154
47181,"3,332","1,534", 13
47183,"6,480","4,752", 55
47185,"3,033","2,895", 30
47187,"17,975","6,929", 93
47189,"12,858","8,433", 158
48001,"8,634","4,747", 42
48003,"3,918",820, 12
48005,"14,685","9,054", 92
48007,"4,352","1,696", 19
48009,"2,487","1,089", 11
48011,791,238, 5
48013,"5,279","3,547", 19
48015,"4,872","1,941", 21
48017,"1,888",684, 14
48019,"3,152",771, 15
48021,"6,439","4,744", 38
48023,"1,314","1,019", 13
48025,"5,377","3,659", 28
48027,"31,117","13,322", 323
48029,"203,319","136,947", 560
48031,"1,957",700, 8
48033,325,140, 3
48035,"3,923","2,046", 14
48037,"18,244","10,077", 88
48039,"39,166","18,609", 234
48041,"34,733","12,348", 140
48043,"2,066","1,462", 17
48045,538,471, 8
48047,"2,702",896, 16
48049,"8,468","4,070", 47
48051,"3,076","2,578", 12
48053,"5,895","2,983", 29
48055,"4,315","3,401", 16
48057,"4,434","2,586", 19
48059,"3,538","1,305", 24
48061,"29,545","26,394", 187
48063,"2,238","1,917", 13
48065,"2,412",826, 16
48067,"6,677","5,053", 30
48069,"2,026","1,009", 21
48071,"4,322","2,632", 35
48073,"8,187","4,494", 30
48075,"1,574",900, 7
48077,"2,569","1,844", 13
48079,"1,117",557, 15
48081,"1,060",532, 8
48083,"2,790","1,420", 7
48085,"61,095","13,604", 139
48087,"1,396",742, 11
48089,"4,528","2,428", 15
48091,"13,452","4,179", 52
48093,"2,678","2,248", 22
48095,821,580, 7
48097,"8,260","3,278", 26
48099,"9,056","3,113", 30
48101,623,507, 20
48103,"1,473",392, 9
48105,"1,094",589, 1
48107,"1,376","1,212", 11
48109,509,407, 1
48111,"1,594",496, 13
48113,"405,444","203,592"," 1,460"
48115,"3,685","1,781", 17
48117,"4,762","1,485", 36
48119,"1,024",973, 4
48121,"52,865","16,772", 159
48123,"4,401","1,882", 9
48125,692,594, 8
48127,"2,546","1,338", 8
48129,"1,297",529, 5
48131,"3,748","1,201", 10
48133,"4,841","2,522", 26
48135,"31,228","8,913", 201
48137,626,159, 1
48139,"16,873","8,029", 72
48141,"66,114","51,917", 399
48143,"6,122","3,234", 39
48145,"3,133","2,834", 19
48147,"4,692","4,399", 15
48149,"5,711","2,379", 22
48151,"1,384",965, 8
48153,"2,092","1,023", 19
48155,472,448, 5
48157,"41,370","18,729", 110
48159,"1,836","1,104", 8
48161,"3,624","2,489", 9
48163,"2,656","2,003", 10
48165,"2,714",797, 22
48167,"40,262","36,092", 482
48169,"1,219",521, 10
48171,"5,496","1,137", 18
48173,403,128, 5
48175,"1,540",836, 1
48177,"3,962","2,196", 14
48179,"8,955","2,003", 30
48181,"22,554","11,803", 93
48183,"29,697","10,700", 246
48185,"3,365","2,370", 17
48187,"14,382","5,060", 46
48189,"7,670","3,202", 19
48191,"1,058",984, 3
48193,"2,118","1,130", 10
48195,"2,213",259, 4
48197,"1,238",927, 8
48199,"8,380","6,782", 44
48201,"536,029","334,135"," 2,003"
48203,"12,618","7,773", 118
48205,"1,419",356, 11
48207,"1,701","1,434", 16
48209,"12,467","6,663", 57
48211,"1,650",413, 4
48213,"12,725","7,302", 49
48215,"44,147","35,059", 226
48217,"5,344","3,420", 26
48219,"5,462","2,044", 39
48221,"6,817","3,063", 41
48223,"5,772","3,707", 14
48225,"4,542","3,275", 17
48227,"7,519","4,115", 57
48229,557,362, 4
48231,"14,303","6,971", 48
48233,"9,078","2,052", 41
48235,619,199, 4
48237,"1,825",945, 9
48239,"3,661","1,804", 13
48241,"5,965","5,787", 27
48243,511,299, 5
48245,"54,846","45,124", 245
48247,"1,703",608, 2
48249,"7,795","5,896", 24
48251,"18,254","9,148", 72
48253,"4,017","2,343", 23
48255,"3,068","1,802", 12
48257,"9,343","5,554", 41
48259,"4,568",938, 16
48261,110,96, 1
48263,332,253, 3
48265,"11,829","3,102", 43
48267,"1,333",442, 9
48269, 27.32%,141,53
48271,774,486, 3
48273,"5,712","4,924", 45
48275,"1,027",921, 4
48277,"9,273","5,504", 43
48279,"3,892","1,919", 17
48281,"3,285","1,356", 12
48283,"1,504","1,007", 3
48285,"5,058","2,464", 10
48287,"2,967","1,659", 6
48289,"3,207","1,821", 10
48291,"10,504","6,292", 70
48293,"4,063","3,228", 14
48295,"1,461",241, 6
48297,"2,481","1,260", 18
48299,"4,042","1,894", 18
48301, 21.92%,57,16
48303,"57,151","18,793", 275
48305,"1,617","1,009", 4
48307,"2,060","1,433", 9
48309,"42,232","23,206", 140
48311, 15.33%,337,61
48313,"2,158","1,384", 11
48315,"2,336","2,111", 16
48317,"1,218",512, 10
48319,"1,168",570, 5
48321,"8,452","5,201", 41
48323,"3,063","1,783", 15
48325,"5,737","3,053", 13
48327,725,394, 6
48329,"33,706","7,214", 119
48331,"4,384","3,734", 22
48333,"1,262",688, 10
48335,"2,007","1,332", 18
48337,"4,406","2,602", 22
48339,"41,230","13,293", 167
48341,"4,649","1,129", 18
48343,"2,925","2,778", 24
48345,533,282, 4
48347,"13,063","5,694", 55
48349,"7,816","5,672", 21
48351,"3,296","2,123", 20
48353,"3,608","2,524", 4
48355,"54,333","46,721", 159
48357,"3,492",419, 6
48359,762,226, 2
48361,"16,816","15,386", 101
48363,"5,701","3,349", 27
48365,"5,676","3,179", 30
48367,"13,647","6,050", 62
48369,"2,524",567, 11
48371,"3,451","1,596", 33
48373,"5,987","3,898", 33
48375,"20,396","8,365", 141
48377,992,837,73
48379,"1,560","1,027", 4
48381,"30,249","6,044", 116
48383,"1,079",243, 2
48385,"1,004",360, 5
48387,"2,979","2,518", 15
48389,"2,461","2,396", 15
48391,"2,421","1,559", 8
48393, 16.43%,539,106
48395,"3,339","2,663", 14
48397,"6,688","1,639", 22
48399,"2,968","1,179", 30
48401,"11,081","4,599", 61
48403,"2,045","1,940", 8
48405,"1,937","1,583", 9
48407,"3,174","2,466", 19
48409,"11,074","8,838", 50
48411,"1,566","1,070", 11
48413,854,326, 7
48415,"5,028","1,564", 37
48417,"1,181",415, 8
48419,"4,863","3,610", 28
48421,"1,269",246, 9
48423,"40,740","15,227", 152
48425,"1,422",635, 4
48427,"5,047","1,658", 8
48429,"2,898","1,046", 11
48431,577,129, 4
48433,643,599, 2
48435,"1,251",465, 5
48437,"1,642","1,611", 8
48439,"248,050","120,147", 665
48441,"34,444","9,628", 130
48443,407,289, 2
48445,"3,181","1,535", 8
48447,586,388, 5
48449,"5,069","3,631", 27
48451,"23,847","8,981", 82
48453,"124,944","94,124", 745
48455,"2,599","2,115", 21
48457,"3,638","3,119", 28
48459,"7,325","4,614", 37
48461,"1,603",380, 11
48463,"4,790","2,482", 15
48465,"5,909","3,857", 21
48467,"8,474","4,506", 23
48469,"18,787","7,037", 121
48471,"8,809","4,263", 28
48473,"4,116","3,828", 19
48475,"3,474","1,188", 31
48477,"6,506","2,483", 7
48479,"12,308","8,582", 46
48481,"8,495","5,072", 17
48483,"2,251",805, 6
48485,"28,932","16,009", 139
48487,"3,644","2,011", 18
48489,"3,037","2,340", 14
48491,"25,774","9,911", 99
48493,"4,588","2,829", 17
48495,"2,213",752, 9
48497,"6,958","3,856", 39
48499,"7,144","3,449", 19
48501,"2,204",456, 8
48503,"5,282","2,203", 18
48505,"1,577","1,214", 10
48507,"2,937",924, 7
49001,"1,516",708, 7
49003,"13,243","1,983", 57
49005,"22,127","4,123", 192
49007,"4,393","4,357", 68
49009,296,227, 2
49011,"49,863","11,727", 512
49013,"4,437",746, 27
49015,"3,081","1,326", 32
49017,"1,609",315, 11
49019,"2,463",876, 28
49021,"6,856","1,342", 53
49023,"1,902",917, 10
49025,"1,710",294, 5
49027,"4,345","1,192", 26
49029,"1,934",481, 15
49031, 19.95%,606,151
49033,797,131, 3
49035,"183,536","78,488"," 2,902"
49037,"2,598","1,145", 15
49039,"5,507","1,227", 43
49041,"5,736","1,072", 62
49043,"4,093","1,539", 69
49045,"6,478","3,584", 68
49047,"7,337","1,186", 51
49049,"72,284","14,801", 419
49051,"2,789","1,015", 20
49053,"12,049","1,846", 82
49055,930,224, 5
49057,"44,590","18,346", 398
50001,"7,589","5,299", 137
50003,"9,035","6,039", 210
50005,"7,249","3,223", 138
50007,"30,217","24,830", 798
50009,"1,632",693, 24
50011,"8,683","5,755", 124
50013,"1,537",980, 33
50015,"4,674","2,746", 106
50017,"6,407","4,088", 140
50019,"5,966","3,294", 131
50021,"15,236","9,545", 204
50023,"13,706","11,163", 289
50025,"9,880","8,206", 193
50027,"14,054","9,869", 324
51001,"8,047","4,355", 64
51003,"14,455","7,982", 93
51005,"3,067","1,932", 38
51007,"2,336","1,432", 36
51009,"7,004","3,409", 117
51011,"3,386","1,498", 48
51013,"37,031","34,848", 363
51015,"15,308","3,899", 116
51017,"1,434",727, 14
51019,"10,371","4,754", 92
51021,"1,812",867, 14
51023,"5,959","3,243", 87
51025,"3,040","2,950", 83
51027,"7,828","5,053", 172
51029,"2,627","1,879", 74
51031,"13,388","4,380", 156
51033,"3,111","2,949", 78
51035,"7,056","2,914", 72
51036,"1,776",776, 32
51037,"2,999","1,811", 46
51041,"54,896","13,739", 176
51043,"2,529","1,215", 19
51045,"1,173",845, 15
51047,"5,596","2,255", 75
51049,"2,027","1,237", 65
51051,"4,848","3,921", 75
51053,"4,547","3,485", 82
51057,"2,120","1,300", 20
51059,"183,181","107,295", 822
51061,"10,319","4,056", 76
51063,"3,431","1,599", 39
51065,"2,247","1,332", 33
51067,"7,684","4,903", 175
51069,"9,542","2,671", 54
51071,"4,340","3,047", 73
51073,"7,109","2,830", 86
51075,"3,404","2,178", 35
51077,"4,508","2,319", 63
51079,"2,216",760, 24
51081,"2,352","2,304",116
51083,"6,726","4,231", 146
51085,"18,800","4,831", 87
51087,"63,864","21,336", 248
51089,"12,693","6,976", 237
51091,997,398, 11
51093,"5,664","3,650", 98
51095,"7,104","3,486", 87
51097,"1,449","1,201", 14
51099,"2,356","1,450", 35
51101,"2,803","1,448", 33
51103,"3,416","1,559", 69
51105,"5,365","5,085", 104
51107,"17,765","8,227", 136
51109,"3,789","2,703", 51
51111,"2,713","1,754", 59
51113,"2,723","1,302", 30
51115,"2,868","1,106", 31
51117,"6,777","3,438", 101
51119,"2,612","1,206", 67
51121,"12,428","7,202", 135
51125,"2,777","2,021", 55
51127,"2,679","1,204", 16
51131,"2,906","2,226", 75
51133,"3,166","1,407", 55
51135,"3,418","2,296", 79
51137,"4,483","2,285", 53
51139,"5,021","2,437", 61
51141,"4,703","1,908", 63
51143,"15,743","7,791", 290
51145,"3,921","1,381", 25
51147,"3,454","2,589", 113
51149,"4,999","2,136", 43
51153,"34,992","15,631", 180
51155,"8,242","4,364", 93
51157,"1,696",999, 12
51159,"1,869",830, 31
51161,"23,348","10,569", 137
51163,"4,067","2,098", 29
51165,"13,480","4,220", 107
51167,"6,760","5,738", 101
51169,"5,804","3,904", 113
51171,"9,048","2,771", 81
51173,"8,593","4,102", 116
51175,"4,669","3,300", 82
51177,"8,207","4,012", 78
51179,"10,293","4,429", 60
51181,"1,875","1,462", 33
51183,"2,408","2,183",140
51185,"9,645","8,014", 237
51187,"5,016","2,551", 64
51191,"12,132","5,573", 121
51193,"3,219","2,363", 81
51195,"7,909","7,303", 187
51197,"6,773","2,996", 97
51199,"10,214","4,063", 60
51510,"23,552","21,166", 535
51515,"1,553",997, 23
51520,"5,012","2,429", 27
51530,"1,335",724, 14
51540,"7,317","6,947", 42
51550,"27,542","16,740", 402
51570,"6,387","1,218", 25
51580,"1,722","1,391", 49
51590,"12,141","5,846", 174
51595,"1,252",807, 19
51600,"6,234","3,263", 41
51610,"2,684","2,398", 19
51620,"1,561","1,537", 32
51630,"3,500","2,439", 34
51640,"1,548",814, 13
51650,"25,537","18,180", 351
51660,"5,221","2,384", 56
51670,"5,661","2,564", 67
51678,"1,197",946, 20
51680,"18,047","8,542", 183
51683,"4,613","1,824", 29
51685,975,375, 5
51690,"4,234","2,942", 78
51700,"33,614","21,834", 250
51710,"38,913","36,360", 243
51720,842,806, 20
51730,"9,248","5,753", 73
51735,"3,667",647, 14
51740,"21,623","18,940", 238
51750,"2,855","1,781", 33
51760,"49,408","38,754", 466
51770,"19,008","17,300", 184
51775,"6,419","3,347", 44
51790,"6,137","2,012", 47
51800,"10,128","8,842", 149
51810,"72,571","24,703", 320
51820,"4,465","1,579", 35
51830,"1,913","1,469", 20
51840,"5,055","2,064", 33
53001,"3,449","1,311", 49
53003,"3,876","3,042", 103
53005,"32,307","13,784", 540
53007,"13,667","6,978", 349
53009,"13,605","9,701", 429
53011,"40,681","35,248"," 1,028"
53013,"1,404",673, 18
53015,"15,361","14,858", 749
53017,"6,443","3,127", 128
53019,"1,232",935, 43
53021,"7,724","4,328", 216
53023,913,493, 22
53025,"12,888","6,298", 398
53027,"14,050","11,286", 335
53029,"13,548","6,850", 218
53031,"4,602","4,543", 189
53033,"332,987","298,620"," 7,654"
53035,"36,101","29,681", 931
53037,"6,580","4,830", 121
53039,"3,910","2,712", 135
53041,"15,846","7,634", 451
53043,"3,474","1,671", 48
53045,"8,410","7,007", 233
53047,"7,476","5,330", 253
53049,"4,679","3,613", 129
53051,"2,374","1,655", 46
53053,"112,877","79,498"," 2,733"
53055,"2,900","2,514", 112
53057,"18,840","13,947", 539
53059,"1,736","1,552", 51
53061,"90,362","66,728"," 1,905"
53063,"88,043","59,620"," 1,673"
53065,"8,211","4,304", 256
53067,"34,442","26,840", 763
53069,930,776, 33
53071,"12,361","6,804", 233
53073,"27,228","22,670", 788
53075,"10,021","6,621", 207
53077,"40,678","24,724", 780
54001,"3,877","3,108", 10
54003,"12,887","6,181", 24
54005,"7,121","4,656", 44
54007,"3,350","2,902", 13
54009,"6,636","4,819", 43
54011,"21,815","15,513", 117
54013,"1,765","1,473", 38
54015,"2,117","1,667", 12
54017,"2,343",836, 16
54019,"11,650","7,360", 76
54021,"1,953","1,494", 5
54023,"3,715",828, 11
54025,"7,337","5,599", 38
54027,"4,065","2,102", 20
54029,"8,708","7,326", 90
54031,"2,938","1,641", 8
54033,"19,400","14,969", 68
54035,"7,117","4,147", 46
54037,"5,884","4,216", 34
54039,"51,499","37,832", 211
54041,"5,297","2,693", 41
54043,"5,467","4,405", 30
54045,"10,892","6,425", 65
54047,"8,546","4,284", 53
54049,"13,833","13,106", 81
54051,"8,615","7,947", 54
54053,"6,648","5,701", 44
54055,"13,910","9,164", 81
54057,"7,291","3,832", 15
54059,"8,434","4,275", 17
54061,"14,972","13,236", 66
54063,"3,612","2,333", 9
54065,"3,469","1,457", 6
54067,"4,656","4,588", 29
54069,"13,447","10,163", 52
54071,"2,047","1,464", 7
54073,"2,255","1,458", 12
54075,"2,479","1,903", 4
54077,"6,955","4,054", 22
54079,"9,238","5,208", 46
54081,"14,571","14,442", 109
54083,"6,100","4,839", 25
54085,"3,355","1,231", 23
54087,"3,751","2,468", 21
54089,"2,975","2,670", 14
54091,"4,007","2,754", 4
54093,"2,240","1,766", 8
54095,"3,170","1,395", 10
54097,"5,951","2,468", 47
54099,"8,811","8,378", 47
54101,"2,355","1,565", 6
54103,"4,626","3,549", 32
54105,"1,450",868, 4
54107,"24,821","11,357", 101
54109,"5,691","5,379", 25
55001,"3,645","2,714", 52
55003,"4,680","3,517", 71
55005,"9,587","8,061", 124
55007,"4,034","3,474", 59
55009,"51,202","30,218", 583
55011,"3,325","2,921", 58
55013,"3,528","3,331", 57
55015,"8,970","4,736", 186
55017,"10,986","10,202", 163
55019,"8,099","5,647", 160
55021,"11,662","8,125", 140
55023,"4,412","3,436", 49
55025,"94,659","74,823"," 1,203"
55027,"20,458","11,052", 251
55029,"8,264","3,916", 91
55031,"14,291","7,066", 107
55033,"8,473","7,712", 173
55035,"20,401","19,347", 181
55037,"1,227",870, 18
55039,"26,069","13,983", 294
55041,"2,296","2,214", 34
55043,"13,430","7,892", 138
55045,"7,827","4,367", 102
55047,"6,198","2,441", 77
55049,"4,983","3,843", 71
55051,"1,967","1,667", 19
55053,"4,386","3,427", 46
55055,"17,780","10,788", 216
55057,"5,629","3,152", 67
55059,"29,233","26,118", 344
55061,"5,705","3,444", 61
55063,"25,721","17,787", 261
55065,"4,584","2,961", 41
55067,"5,830","3,675", 67
55069,"6,682","5,353", 97
55071,"19,639","17,250", 487
55073,"27,080","20,128"," 1,462"
55075,"11,444","6,798", 111
55077,"3,406","2,032", 74
55078,832,392, 7
55079,"259,144","196,290"," 2,583"
55081,"8,227","5,567", 90
55083,"8,714","5,289", 121
55085,"9,787","6,417", 165
55087,"36,773","19,790", 416
55089,"23,898","10,765", 233
55091,"1,629","1,555", 18
55093,"7,612","7,289", 102
55095,"8,106","8,034", 129
55097,"14,399","13,605", 175
55099,"4,289","3,479", 84
55101,"42,092","36,955", 616
55103,"4,858","2,844", 51
55105,"32,491","26,433", 410
55107,"4,061","3,843", 75
55109,"11,367","10,127", 141
55111,"11,069","7,158", 86
55113,"3,913","2,982", 75
55115,"10,635","5,469", 121
55117,"26,345","21,112", 396
55119,"4,918","3,271", 80
55121,"6,008","5,407", 85
55123,"6,469","5,051", 83
55125,"5,965","2,940", 121
55127,"20,595","9,877", 238
55129,"3,848","3,188", 40
55131,"25,279","12,966", 328
55133,"92,426","47,313", 921
55135,"13,097","5,895", 175
55137,"5,769","2,782", 86
55139,"39,014","22,791", 378
55141,"20,525","12,118", 239
56001,"7,452","4,708", 186
56003,"4,019","1,175", 59
56005,"8,387","1,525", 83
56007,"4,557","2,295", 100
56009,"3,542",929, 52
56011,"2,286",450, 18
56013,"9,885","3,969", 145
56015,"3,776","1,364", 44
56017,"1,943",672, 31
56019,"2,634",558, 49
56021,"19,348","10,110", 341
56023,"3,854","1,021", 46
56025,"18,488","7,598", 378
56027,"1,098",239, 22
56029,"7,994","1,965", 136
56031,"2,813","1,232", 75
56033,"7,460","3,648", 171
56035,"1,976",389, 31
56037,"8,308","5,230", 174
56039,"3,487","1,565", 87
56041,"4,075","1,276", 60
56043,"3,245",970, 38
56045,"2,614",482, 31
60010,0,0,0%
60020,0,0,0%
60030,0,0,0%
60040,0,0,0%
60050,0,0,0%
66010,0,0,0%
69085,0,0,0%
69100,0,0,0%
69110,0,0,0%
69120,0,0,0%
72001,0,0,0%
72003,0,0,0%
72005,0,0,0%
72007,0,0,0%
72009,0,0,0%
72011,0,0,0%
72013,0,0,0%
72015,0,0,0%
72017,0,0,0%
72019,0,0,0%
72021,0,0,0%
72023,0,0,0%
72025,0,0,0%
72027,0,0,0%
72029,0,0,0%
72031,0,0,0%
72033,0,0,0%
72035,0,0,0%
72037,0,0,0%
72039,0,0,0%
72041,0,0,0%
72043,0,0,0%
72045,0,0,0%
72047,0,0,0%
72049,0,0,0%
72051,0,0,0%
72053,0,0,0%
72054,0,0,0%
72055,0,0,0%
72057,0,0,0%
72059,0,0,0%
72061,0,0,0%
72063,0,0,0%
72065,0,0,0%
72067,0,0,0%
72069,0,0,0%
72071,0,0,0%
72073,0,0,0%
72075,0,0,0%
72077,0,0,0%
72079,0,0,0%
72081,0,0,0%
72083,0,0,0%
72085,0,0,0%
72087,0,0,0%
72089,0,0,0%
72091,0,0,0%
72093,0,0,0%
72095,0,0,0%
72097,0,0,0%
72099,0,0,0%
72101,0,0,0%
72103,0,0,0%
72105,0,0,0%
72107,0,0,0%
72109,0,0,0%
72111,0,0,0%
72113,0,0,0%
72115,0,0,0%
72117,0,0,0%
72119,0,0,0%
72121,0,0,0%
72123,0,0,0%
72125,0,0,0%
72127,0,0,0%
72129,0,0,0%
72131,0,0,0%
72133,0,0,0%
72135,0,0,0%
72137,0,0,0%
72139,0,0,0%
72141,0,0,0%
72143,0,0,0%
72145,0,0,0%
72147,0,0,0%
72149,0,0,0%
72151,0,0,0%
72153,0,0,0%
74300,0,0,0%
78010,0,0,0%
78020,0,0,0%
78030,0,0,0%
