statecounty,2.46%
01001,51.98%
01003,53.91%
01005,9.90%
01007,44.51%
01009,62.54%
01011,-36.38%
01013,18.61%
01015,32.56%
01017,17.46%
01019,31.86%
01021,54.22%
01023,8.22%
01025,18.46%
01027,41.53%
01029,51.38%
01031,48.47%
01033,10.82%
01035,9.17%
01037,17.00%
01039,52.62%
01041,37.80%
01043,53.35%
01045,50.12%
01047,-20.68%
01049,40.60%
01051,54.34%
01053,37.91%
01055,27.35%
01057,39.07%
01059,25.89%
01061,59.21%
01063,-59.10%
01065,-16.99%
01067,33.00%
01069,48.98%
01071,14.27%
01073,9.01%
01075,42.67%
01077,20.30%
01079,11.25%
01081,26.33%
01083,36.38%
01085,-40.64%
01087,-66.23%
01089,18.72%
01091,2.11%
01093,40.19%
01095,45.51%
01097,18.04%
01099,22.71%
01101,-1.19%
01103,39.03%
01105,-36.74%
01107,13.74%
01109,26.50%
01111,36.77%
01113,-0.23%
01115,61.88%
01117,61.57%
01119,-41.15%
01121,23.27%
01123,38.66%
01125,23.53%
01127,35.78%
01129,23.22%
01131,-35.27%
01133,56.55%
02013,
02016,
02020,
02050,
02060,
02068,
02070,
02090,
02100,
02105,
02110,
02122,
02130,
02150,
02164,
02170,
02180,
02185,
02188,
02195,
02198,
02220,
02230,
02240,
02261,
02270,
02275,
02282,
02290,
04001,-30.06%
04003,20.28%
04005,-12.82%
04007,19.30%
04009,39.94%
04011,24.55%
04012,25.87%
04013,14.61%
04015,28.13%
04017,7.60%
04019,-5.99%
04021,15.09%
04023,-19.17%
04025,23.22%
04027,15.97%
05001,9.78%
05003,8.06%
05005,21.58%
05007,37.90%
05009,34.87%
05011,-4.59%
05013,17.44%
05015,19.30%
05017,-26.66%
05019,-9.18%
05021,-8.28%
05023,22.02%
05025,15.99%
05027,16.36%
05029,0.33%
05031,7.22%
05033,32.48%
05035,-8.80%
05037,10.31%
05039,0.86%
05041,-24.14%
05043,4.96%
05045,19.02%
05047,16.09%
05049,3.07%
05051,9.20%
05053,24.83%
05055,4.82%
05057,-3.18%
05059,0.49%
05061,11.53%
05063,15.27%
05065,4.50%
05067,-14.33%
05069,-31.01%
05071,8.57%
05073,1.16%
05075,-8.96%
05077,-25.88%
05079,-5.55%
05081,-1.93%
05083,20.06%
05085,31.52%
05087,22.74%
05089,22.21%
05091,15.73%
05093,-10.40%
05095,-12.63%
05097,21.30%
05099,1.67%
05101,29.08%
05103,1.47%
05105,11.60%
05107,-27.98%
05109,20.88%
05111,-6.66%
05113,34.86%
05115,31.16%
05117,12.91%
05119,-10.82%
05121,-3.81%
05123,-19.49%
05125,27.20%
05127,25.78%
05129,29.93%
05131,24.48%
05133,10.45%
05135,11.14%
05137,16.81%
05139,19.24%
05141,9.19%
05143,12.68%
05145,29.79%
05147,-31.43%
05149,11.49%
06001,-51.89%
06003,-8.84%
06005,25.52%
06007,9.58%
06009,23.79%
06011,35.60%
06013,-25.82%
06015,15.54%
06017,23.89%
06019,15.69%
06021,35.04%
06023,-18.63%
06025,-6.05%
06027,20.21%
06029,34.01%
06031,31.67%
06033,-8.29%
06035,43.39%
06037,-27.50%
06039,29.32%
06041,-47.80%
06043,22.68%
06045,-29.74%
06047,14.29%
06049,46.70%
06051,-0.13%
06053,-21.98%
06055,-20.51%
06057,8.48%
06059,20.70%
06061,26.35%
06063,24.81%
06065,16.80%
06067,-0.23%
06069,-6.16%
06071,11.76%
06073,6.12%
06075,-67.82%
06077,7.36%
06079,7.17%
06081,-40.23%
06083,-7.95%
06085,-29.31%
06087,-48.12%
06089,35.91%
06091,30.95%
06093,22.93%
06095,-15.32%
06097,-36.28%
06099,18.25%
06101,35.34%
06103,34.41%
06105,11.95%
06107,33.28%
06109,21.50%
06111,3.66%
06113,-20.59%
06115,35.45%
08001,-2.35%
08003,2.58%
08005,3.96%
08007,25.00%
08009,54.76%
08011,25.66%
08013,-33.89%
08014,4.61%
08015,12.65%
08017,63.93%
08019,-8.32%
08021,-0.79%
08023,-34.32%
08025,35.37%
08027,37.81%
08029,38.83%
08031,-40.29%
08033,39.41%
08035,33.82%
08037,-6.54%
08039,48.88%
08041,34.62%
08043,34.44%
08045,9.18%
08047,-14.96%
08049,13.37%
08051,-15.48%
08053,19.77%
08055,1.33%
08057,53.53%
08059,5.19%
08061,60.54%
08063,56.88%
08065,-12.28%
08067,-6.68%
08069,5.20%
08071,-1.58%
08073,56.31%
08075,41.95%
08077,35.51%
08079,25.20%
08081,50.52%
08083,28.33%
08085,39.72%
08087,37.72%
08089,21.80%
08091,4.56%
08093,15.99%
08095,48.82%
08097,-38.36%
08099,43.92%
08101,-6.33%
08103,61.17%
08105,26.09%
08107,-10.14%
08109,-15.38%
08111,-7.61%
08113,-44.71%
08115,43.90%
08117,-20.20%
08119,38.32%
08121,63.04%
08123,26.76%
08125,52.47%
09001,-4.06%
09003,-19.14%
09005,5.70%
09007,-14.34%
09009,-10.55%
09011,-13.63%
09013,-11.02%
09015,-6.45%
10001,13.76%
10003,-21.99%
10005,21.74%
11001,79.84%
12001,-13.24%
12003,55.83%
12005,43.10%
12007,39.73%
12009,16.11%
12011,-29.60%
12013,27.94%
12015,12.75%
12017,14.72%
12019,52.90%
12021,30.88%
12023,34.92%
12027,16.94%
12029,38.40%
12031,16.16%
12033,31.57%
12035,2.74%
12037,18.06%
12039,-39.92%
12041,41.61%
12043,17.31%
12045,32.95%
12047,10.47%
12049,40.01%
12051,18.38%
12053,6.76%
12055,25.38%
12057,6.79%
12059,55.45%
12061,21.14%
12063,23.06%
12065,-11.19%
12067,48.57%
12069,21.11%
12071,20.91%
12073,-23.65%
12075,26.04%
12077,28.37%
12079,1.70%
12081,13.96%
12083,17.19%
12085,15.39%
12086,-6.28%
12087,-0.47%
12089,46.45%
12091,56.07%
12093,14.97%
12095,-0.21%
12097,5.45%
12099,-21.30%
12101,9.68%
12103,0.05%
12105,17.81%
12107,19.05%
12109,38.01%
12111,-4.24%
12113,55.57%
12115,8.31%
12117,16.76%
12119,25.80%
12121,41.96%
12123,28.18%
12125,45.88%
12127,-1.57%
12129,15.99%
12131,47.31%
12133,43.00%
13001,41.52%
13003,35.06%
13005,50.71%
13007,-6.52%
13009,6.41%
13011,58.32%
13013,53.10%
13015,48.10%
13017,20.76%
13019,40.65%
13021,-2.10%
13023,42.18%
13025,54.66%
13027,14.05%
13029,47.76%
13031,28.17%
13033,0.22%
13035,32.90%
13037,-11.34%
13039,34.18%
13043,30.17%
13045,41.34%
13047,47.44%
13049,36.77%
13051,-0.16%
13053,7.81%
13055,27.77%
13057,58.88%
13059,-17.80%
13061,-22.06%
13063,-41.44%
13065,33.11%
13067,24.82%
13069,35.08%
13071,41.85%
13073,51.07%
13075,27.62%
13077,49.37%
13079,28.99%
13081,24.11%
13083,40.69%
13085,64.55%
13087,19.77%
13089,-45.96%
13091,31.45%
13093,-3.12%
13095,-18.09%
13097,23.38%
13099,18.82%
13101,53.08%
13103,54.94%
13105,21.41%
13107,25.32%
13109,30.66%
13111,42.79%
13113,42.68%
13115,35.87%
13117,66.88%
13119,39.56%
13121,-19.32%
13123,48.93%
13125,60.31%
13127,34.77%
13129,48.38%
13131,24.09%
13133,18.83%
13135,32.22%
13137,57.88%
13139,56.98%
13141,-53.25%
13143,51.61%
13145,44.31%
13147,22.38%
13149,41.46%
13151,33.72%
13153,32.74%
13155,37.92%
13157,56.43%
13159,33.71%
13161,46.89%
13163,-5.83%
13165,11.86%
13167,28.58%
13169,28.40%
13171,24.54%
13173,27.42%
13175,26.66%
13177,57.72%
13179,-3.81%
13181,26.57%
13183,31.60%
13185,20.40%
13187,51.80%
13189,25.03%
13191,5.83%
13193,-22.07%
13195,47.96%
13197,13.36%
13199,8.50%
13201,39.23%
13205,7.22%
13207,33.76%
13209,36.06%
13211,35.85%
13213,45.29%
13215,-3.15%
13217,24.51%
13219,45.69%
13221,31.73%
13223,52.88%
13225,6.93%
13227,53.30%
13229,58.16%
13231,54.63%
13233,37.03%
13235,25.82%
13237,28.43%
13239,-13.89%
13241,41.13%
13243,-6.36%
13245,-13.69%
13247,21.53%
13249,39.10%
13251,13.93%
13253,21.30%
13255,28.53%
13257,43.31%
13259,-20.82%
13261,1.12%
13263,-24.67%
13265,-29.13%
13267,44.33%
13269,13.42%
13271,15.39%
13273,-2.40%
13275,23.28%
13277,37.93%
13279,41.15%
13281,45.28%
13283,23.14%
13285,29.87%
13287,22.93%
13289,-2.47%
13291,48.89%
13293,31.80%
13295,43.50%
13297,56.81%
13299,38.45%
13301,-9.60%
13303,4.43%
13305,43.25%
13307,-2.98%
13309,16.80%
13311,56.68%
13313,46.84%
13315,30.70%
13317,10.16%
13319,0.58%
13321,39.23%
15001,-22.68%
15003,-2.79%
15005,
15007,-20.81%
15009,-22.38%
16001,23.30%
16003,44.26%
16005,24.61%
16007,66.18%
16009,41.36%
16011,55.11%
16013,-19.30%
16015,43.41%
16017,22.89%
16019,55.81%
16021,39.83%
16023,53.77%
16025,52.27%
16027,50.60%
16029,68.94%
16031,69.16%
16033,72.52%
16035,42.69%
16037,51.02%
16039,50.27%
16041,-80.55%
16043,73.22%
16045,53.10%
16047,50.61%
16049,54.30%
16051,74.32%
16053,58.25%
16055,34.04%
16057,1.46%
16059,53.37%
16061,50.49%
16063,49.15%
16065,84.79%
16067,62.02%
16069,25.61%
16071,69.62%
16073,60.56%
16075,53.88%
16077,43.14%
16079,11.07%
16081,22.20%
16083,49.99%
16085,21.37%
16087,51.41%
17001,32.80%
17003,-4.78%
17005,11.40%
17007,14.56%
17009,30.33%
17011,10.40%
17013,-1.85%
17015,12.26%
17017,11.77%
17019,-1.97%
17021,19.20%
17023,27.54%
17025,35.32%
17027,19.98%
17029,15.14%
17031,-41.10%
17033,30.96%
17035,30.19%
17037,4.49%
17039,26.72%
17041,34.37%
17043,9.64%
17045,25.69%
17047,44.05%
17049,45.37%
17051,24.18%
17053,40.11%
17055,8.12%
17057,-7.41%
17059,1.43%
17061,18.16%
17063,13.79%
17065,18.59%
17067,18.81%
17069,23.72%
17071,-9.92%
17073,5.29%
17075,43.96%
17077,-12.04%
17079,32.76%
17081,20.34%
17083,8.27%
17085,7.45%
17087,37.24%
17089,10.91%
17091,10.52%
17093,22.38%
17095,-9.28%
17097,1.72%
17099,3.62%
17101,24.43%
17103,18.21%
17105,29.20%
17107,35.93%
17109,3.60%
17111,20.38%
17113,15.92%
17115,9.23%
17117,0.97%
17119,-3.25%
17121,9.98%
17123,14.09%
17125,9.63%
17127,23.88%
17129,34.55%
17131,-1.19%
17133,16.37%
17135,6.74%
17137,24.65%
17139,25.36%
17141,24.49%
17143,-0.08%
17145,7.86%
17147,26.42%
17149,27.36%
17151,23.89%
17153,11.20%
17155,-2.42%
17157,8.73%
17159,33.86%
17161,-14.60%
17163,-10.78%
17165,19.98%
17167,18.11%
17169,20.07%
17171,29.17%
17173,28.45%
17175,21.30%
17177,15.47%
17179,16.43%
17181,17.52%
17183,11.88%
17185,40.96%
17187,6.34%
17189,25.74%
17191,47.82%
17193,25.41%
17195,-2.84%
17197,5.43%
17199,21.37%
17201,0.86%
17203,35.60%
18001,46.64%
18003,27.24%
18005,34.73%
18007,41.63%
18009,28.70%
18011,49.87%
18013,24.31%
18015,36.80%
18017,37.08%
18019,16.17%
18021,37.36%
18023,43.24%
18025,14.80%
18027,50.60%
18029,36.41%
18031,47.83%
18033,36.73%
18035,13.83%
18037,38.18%
18039,40.73%
18041,22.55%
18043,17.76%
18045,35.66%
18047,40.55%
18049,39.30%
18051,25.69%
18053,37.36%
18055,29.98%
18057,49.09%
18059,49.73%
18061,27.98%
18063,47.57%
18065,29.07%
18067,28.95%
18069,49.53%
18071,36.73%
18073,36.96%
18075,32.64%
18077,20.40%
18079,31.62%
18081,48.10%
18083,27.57%
18085,56.98%
18087,43.40%
18089,-22.78%
18091,-0.46%
18093,38.77%
18095,19.40%
18097,-1.93%
18099,36.38%
18101,37.87%
18103,41.93%
18105,-8.19%
18107,50.63%
18109,48.20%
18111,29.50%
18113,39.26%
18115,22.21%
18117,32.34%
18119,32.40%
18121,31.39%
18123,0.07%
18125,21.36%
18127,8.33%
18129,31.27%
18131,36.46%
18133,36.58%
18135,30.29%
18137,39.83%
18139,45.32%
18141,2.41%
18143,11.19%
18145,42.92%
18147,20.29%
18149,9.61%
18151,31.68%
18153,19.75%
18155,18.58%
18157,19.25%
18159,43.40%
18161,36.51%
18163,17.97%
18165,1.60%
18167,6.45%
18169,41.81%
18171,30.53%
18173,30.55%
18175,27.90%
18177,21.01%
18179,49.02%
18181,35.66%
18183,41.78%
19001,13.04%
19003,14.62%
19005,1.15%
19007,4.29%
19009,9.74%
19011,-0.66%
19013,-11.49%
19015,-1.12%
19017,5.01%
19019,-7.74%
19021,16.10%
19023,18.94%
19025,18.26%
19027,10.20%
19029,28.07%
19031,1.26%
19033,-9.84%
19035,11.33%
19037,-9.81%
19039,-2.69%
19041,15.73%
19043,-4.62%
19045,-12.75%
19047,10.15%
19049,16.22%
19051,10.64%
19053,5.71%
19055,7.40%
19057,-20.29%
19059,12.53%
19061,-13.73%
19063,5.66%
19065,-0.55%
19067,-7.40%
19069,14.27%
19071,21.78%
19073,3.11%
19075,29.83%
19077,11.86%
19079,5.66%
19081,14.97%
19083,9.61%
19085,23.10%
19087,11.56%
19089,-12.48%
19091,18.99%
19093,24.56%
19095,8.32%
19097,-14.12%
19099,-4.83%
19101,-10.17%
19103,-29.27%
19105,-2.20%
19107,15.05%
19109,9.83%
19111,-15.01%
19113,-9.93%
19115,5.59%
19117,12.16%
19119,56.52%
19121,14.47%
19123,28.60%
19125,20.46%
19127,0.59%
19129,32.39%
19131,-2.54%
19133,3.55%
19135,5.35%
19137,30.63%
19139,-2.79%
19141,38.78%
19143,41.67%
19145,40.36%
19147,3.70%
19149,28.90%
19151,14.35%
19153,-4.63%
19155,18.30%
19157,-0.77%
19159,6.48%
19161,16.99%
19163,-2.62%
19165,28.50%
19167,72.24%
19169,-5.55%
19171,-0.34%
19173,20.56%
19175,6.99%
19177,16.76%
19179,-10.31%
19181,6.20%
19183,12.93%
19185,11.30%
19187,-3.23%
19189,7.86%
19191,-0.28%
19193,2.25%
19195,-11.91%
19197,10.62%
20001,33.12%
20003,31.19%
20005,10.68%
20007,49.69%
20009,49.48%
20011,32.25%
20013,41.29%
20015,41.64%
20017,42.44%
20019,57.40%
20021,23.78%
20023,61.05%
20025,58.64%
20027,59.38%
20029,44.66%
20031,49.14%
20033,58.10%
20035,31.76%
20037,6.11%
20039,57.47%
20041,44.72%
20043,39.58%
20045,-16.14%
20047,46.66%
20049,49.50%
20051,31.66%
20053,47.00%
20055,51.63%
20057,48.20%
20059,30.24%
20061,29.64%
20063,64.69%
20065,51.94%
20067,58.30%
20069,62.72%
20071,60.68%
20073,42.26%
20075,58.32%
20077,48.70%
20079,27.82%
20081,70.61%
20083,61.71%
20085,28.29%
20087,24.51%
20089,57.96%
20091,23.29%
20093,62.20%
20095,50.40%
20097,65.11%
20099,19.53%
20101,63.31%
20103,17.96%
20105,54.28%
20107,29.89%
20109,66.12%
20111,20.22%
20113,44.93%
20115,48.38%
20117,28.82%
20119,65.63%
20121,29.79%
20123,57.21%
20125,37.26%
20127,35.08%
20129,64.15%
20131,48.91%
20133,31.54%
20135,56.38%
20137,62.29%
20139,30.32%
20141,54.60%
20143,58.50%
20145,46.82%
20147,59.68%
20149,47.04%
20151,43.82%
20153,65.41%
20155,31.60%
20157,56.46%
20159,46.89%
20161,22.78%
20163,58.56%
20165,39.63%
20167,52.79%
20169,32.93%
20171,68.60%
20173,25.63%
20175,57.92%
20177,9.71%
20179,64.37%
20181,52.72%
20183,53.29%
20185,52.29%
20187,65.32%
20189,71.79%
20191,36.95%
20193,56.61%
20195,46.92%
20197,42.45%
20199,71.92%
20201,58.15%
20203,64.60%
20205,50.09%
20207,38.23%
20209,-31.84%
21001,51.89%
21003,45.78%
21005,33.59%
21007,15.08%
21009,34.73%
21011,-6.89%
21013,22.83%
21015,44.23%
21017,21.36%
21019,6.29%
21021,24.96%
21023,31.86%
21025,-13.21%
21027,31.64%
21029,36.29%
21031,47.92%
21033,28.68%
21035,23.54%
21037,28.09%
21039,22.21%
21041,12.50%
21043,-1.39%
21045,62.25%
21047,33.14%
21049,25.32%
21051,49.76%
21053,55.54%
21055,30.74%
21057,46.56%
21059,23.10%
21061,31.73%
21063,-40.34%
21065,30.96%
21067,6.70%
21069,21.65%
21071,-25.27%
21073,2.74%
21075,6.47%
21077,22.16%
21079,44.20%
21081,35.51%
21083,22.78%
21085,42.05%
21087,49.06%
21089,6.49%
21091,14.32%
21093,36.00%
21095,21.02%
21097,26.49%
21099,26.52%
21101,12.65%
21103,26.59%
21105,20.03%
21107,31.28%
21109,69.52%
21111,-1.66%
21113,40.34%
21115,28.50%
21117,31.03%
21119,-27.55%
21121,35.63%
21123,38.34%
21125,51.75%
21127,16.12%
21129,39.04%
21131,48.25%
21133,6.72%
21135,38.49%
21137,36.11%
21139,14.19%
21141,28.63%
21143,9.25%
21145,23.01%
21147,45.51%
21149,17.16%
21151,24.09%
21153,-0.12%
21155,6.88%
21157,17.18%
21159,32.87%
21161,24.54%
21163,31.30%
21165,-2.73%
21167,35.11%
21169,28.22%
21171,59.88%
21173,11.15%
21175,2.85%
21177,0.84%
21179,21.59%
21181,12.03%
21183,26.77%
21185,39.51%
21187,30.99%
21189,56.43%
21191,34.94%
21193,6.75%
21195,-5.20%
21197,8.83%
21199,53.72%
21201,23.58%
21203,56.50%
21205,-5.66%
21207,54.17%
21209,25.07%
21211,34.52%
21213,21.91%
21215,41.72%
21217,41.46%
21219,36.83%
21221,32.35%
21223,23.85%
21225,19.01%
21227,27.13%
21229,33.52%
21231,31.37%
21233,16.28%
21235,40.90%
21237,-11.38%
21239,21.36%
22001,28.32%
22003,14.79%
22005,27.38%
22007,-5.77%
22009,8.54%
22011,43.70%
22013,2.98%
22015,41.50%
22017,2.40%
22019,16.58%
22021,40.49%
22023,39.29%
22025,31.21%
22027,12.82%
22029,22.06%
22031,10.45%
22033,9.61%
22035,-18.35%
22037,10.11%
22039,15.68%
22041,36.39%
22043,49.23%
22045,21.67%
22047,-12.99%
22049,32.86%
22051,23.87%
22053,25.45%
22055,29.49%
22057,21.97%
22059,61.88%
22061,19.48%
22063,54.42%
22065,-0.92%
22067,16.46%
22069,10.98%
22071,-55.69%
22073,30.62%
22075,30.32%
22077,-2.51%
22079,28.83%
22081,7.78%
22083,27.57%
22085,41.44%
22087,32.31%
22089,24.71%
22091,-17.03%
22093,-16.76%
22095,-6.45%
22097,0.41%
22099,7.77%
22101,14.67%
22103,50.18%
22105,25.72%
22107,-0.54%
22109,31.24%
22111,40.75%
22113,24.37%
22115,45.95%
22117,24.95%
22119,22.97%
22121,8.21%
22123,49.85%
22125,13.76%
22127,35.50%
23001,-10.67%
23003,-5.31%
23005,-18.08%
23007,-12.09%
23009,-11.00%
23011,-8.77%
23013,-11.13%
23015,-4.43%
23017,-7.68%
23019,-0.12%
23021,8.95%
23023,-7.64%
23025,-2.22%
23027,-5.58%
23029,1.32%
23031,-8.34%
24001,28.15%
24003,12.48%
24005,-4.65%
24009,17.92%
24011,31.58%
24013,40.71%
24015,20.91%
24017,-1.57%
24019,17.92%
24021,20.31%
24023,46.41%
24025,28.28%
24027,-9.37%
24029,6.70%
24031,-33.14%
24033,-64.37%
24035,34.04%
24037,26.24%
24039,9.45%
24041,20.79%
24043,28.55%
24045,18.29%
24047,22.60%
24510,-64.99%
25001,-10.31%
25003,-47.38%
25005,-28.05%
25007,-46.64%
25009,-17.69%
25011,-38.77%
25013,-22.92%
25015,-40.80%
25017,-29.47%
25019,-27.39%
25021,-21.63%
25023,-8.39%
25025,-53.05%
25027,-14.11%
26001,11.04%
26003,-1.62%
26005,27.21%
26007,1.70%
26009,24.28%
26011,-0.06%
26013,8.60%
26015,24.20%
26017,-9.82%
26019,9.21%
26021,11.02%
26023,21.04%
26025,3.51%
26027,15.10%
26029,17.58%
26031,13.37%
26033,11.64%
26035,0.73%
26037,17.21%
26039,12.32%
26041,1.55%
26043,15.38%
26045,7.84%
26047,20.07%
26049,-20.80%
26051,3.23%
26053,-5.75%
26055,19.90%
26057,14.14%
26059,28.10%
26061,13.61%
26063,11.69%
26065,-16.64%
26067,21.63%
26069,5.31%
26071,0.14%
26073,-2.38%
26075,12.54%
26077,-3.60%
26079,22.61%
26081,18.66%
26083,10.49%
26085,-3.28%
26087,16.92%
26089,12.11%
26091,10.40%
26093,26.53%
26095,24.89%
26097,13.44%
26099,1.49%
26101,0.18%
26103,-8.38%
26105,12.26%
26107,11.26%
26109,5.39%
26111,13.90%
26113,36.87%
26115,1.86%
26117,13.08%
26119,19.85%
26121,-11.18%
26123,19.90%
26125,-0.43%
26127,10.05%
26129,2.21%
26131,9.52%
26133,19.06%
26135,17.65%
26137,22.72%
26139,43.92%
26141,7.32%
26143,3.86%
26145,-7.51%
26147,8.23%
26149,22.55%
26151,22.87%
26153,2.93%
26155,6.89%
26157,9.73%
26159,4.34%
26161,-27.99%
26163,-39.58%
26165,19.34%
27001,2.42%
27003,6.68%
27005,18.09%
27007,-1.68%
27009,10.79%
27011,-1.73%
27013,-3.41%
27015,23.49%
27017,-26.29%
27019,26.54%
27021,12.82%
27023,-5.07%
27025,12.34%
27027,4.96%
27029,13.00%
27031,-7.39%
27033,13.05%
27035,15.21%
27037,2.00%
27039,14.96%
27041,17.60%
27043,11.83%
27045,-1.12%
27047,-11.62%
27049,4.03%
27051,0.97%
27053,-19.89%
27055,3.20%
27057,15.02%
27059,17.12%
27061,-10.61%
27063,6.44%
27065,11.34%
27067,11.09%
27069,-0.97%
27071,-1.68%
27073,-6.54%
27075,-20.41%
27077,21.13%
27079,8.87%
27081,5.33%
27083,15.08%
27085,25.50%
27087,-8.25%
27089,15.80%
27091,15.58%
27093,12.66%
27095,11.61%
27097,17.33%
27099,-23.45%
27101,10.02%
27103,-0.61%
27105,13.70%
27107,-4.20%
27109,5.71%
27111,23.92%
27113,9.26%
27115,-1.34%
27117,23.17%
27119,12.73%
27121,0.03%
27123,-27.42%
27125,9.23%
27127,22.04%
27129,7.70%
27131,-8.27%
27133,21.40%
27135,36.82%
27137,-31.65%
27139,19.95%
27141,22.59%
27143,19.63%
27145,12.00%
27147,12.81%
27149,3.51%
27151,-11.93%
27153,15.65%
27155,2.34%
27157,4.83%
27159,20.06%
27161,13.04%
27163,3.39%
27165,8.17%
27167,32.15%
27169,-5.63%
27171,22.77%
27173,1.37%
28001,-9.22%
28003,22.33%
28005,15.77%
28007,22.77%
28009,-6.50%
28011,-26.76%
28013,29.68%
28015,31.55%
28017,1.38%
28019,32.53%
28021,-63.72%
28023,35.51%
28025,-4.50%
28027,-29.50%
28029,12.40%
28031,22.86%
28033,45.25%
28035,22.80%
28037,29.37%
28039,56.23%
28041,45.84%
28043,16.73%
28045,41.83%
28047,26.27%
28049,-19.32%
28051,-52.55%
28053,-30.39%
28055,-7.94%
28057,41.50%
28059,38.30%
28061,-3.27%
28063,-63.16%
28065,-5.05%
28067,43.98%
28069,-7.73%
28071,18.09%
28073,61.02%
28075,31.30%
28077,26.13%
28079,21.31%
28081,33.05%
28083,-23.52%
28085,38.56%
28087,13.52%
28089,29.13%
28091,34.41%
28093,-17.86%
28095,19.65%
28097,9.62%
28099,49.72%
28101,45.77%
28103,-43.02%
28105,12.60%
28107,1.15%
28109,53.49%
28111,49.42%
28113,4.68%
28115,51.78%
28117,32.33%
28119,-19.66%
28121,58.56%
28123,25.35%
28125,-14.23%
28127,36.91%
28129,57.32%
28131,45.65%
28133,-28.21%
28135,-10.99%
28137,21.61%
28139,34.05%
28141,30.38%
28143,-38.03%
28145,46.83%
28147,22.86%
28149,15.91%
28151,-19.58%
28153,26.94%
28155,46.70%
28157,-28.07%
28159,14.95%
28161,10.42%
28163,6.00%
29001,12.53%
29003,24.99%
29005,35.87%
29007,18.50%
29009,38.60%
29011,53.40%
29013,18.97%
29015,24.35%
29017,39.83%
29019,0.21%
29021,5.30%
29023,42.76%
29025,22.21%
29027,25.60%
29029,34.97%
29031,38.32%
29033,33.47%
29035,29.97%
29037,23.91%
29039,37.53%
29041,12.19%
29043,41.61%
29045,2.81%
29047,6.76%
29049,11.76%
29051,35.42%
29053,35.40%
29055,21.90%
29057,45.46%
29059,32.80%
29061,25.01%
29063,26.33%
29065,39.72%
29067,43.58%
29069,15.58%
29071,17.37%
29073,33.44%
29075,26.69%
29077,24.93%
29079,33.51%
29081,35.82%
29083,17.47%
29085,15.37%
29087,39.13%
29089,19.16%
29091,36.50%
29093,6.84%
29095,-16.82%
29097,41.80%
29099,0.61%
29101,22.07%
29103,22.55%
29105,42.81%
29107,20.05%
29109,42.31%
29111,23.86%
29113,14.86%
29115,16.65%
29117,27.59%
29119,41.79%
29121,24.00%
29123,18.97%
29125,28.53%
29127,26.07%
29129,34.40%
29131,44.67%
29133,9.98%
29135,42.30%
29137,22.87%
29139,24.58%
29141,29.69%
29143,5.54%
29145,44.47%
29147,23.68%
29149,20.24%
29151,49.50%
29153,32.33%
29155,0.25%
29157,35.92%
29159,33.16%
29161,27.85%
29163,8.01%
29165,11.65%
29167,38.63%
29169,41.46%
29171,36.32%
29173,18.97%
29175,29.07%
29177,5.92%
29179,13.29%
29181,31.59%
29183,17.72%
29185,25.32%
29186,-6.02%
29187,5.84%
29189,-9.27%
29195,9.16%
29197,11.32%
29199,23.85%
29201,30.22%
29203,21.43%
29205,30.81%
29207,39.96%
29209,39.21%
29211,22.73%
29213,41.37%
29215,32.40%
29217,28.09%
29219,18.03%
29221,1.98%
29223,26.90%
29225,37.05%
29227,22.53%
29229,46.75%
29510,-61.08%
30001,46.30%
30003,-4.34%
30005,4.48%
30007,52.84%
30009,28.10%
30011,77.15%
30013,15.92%
30015,33.11%
30017,33.02%
30019,39.14%
30021,31.00%
30023,-21.46%
30025,59.62%
30027,46.40%
30029,37.31%
30031,15.03%
30033,82.14%
30035,-17.82%
30037,53.07%
30039,46.11%
30041,7.63%
30043,33.45%
30045,48.37%
30047,18.17%
30049,12.66%
30051,43.85%
30053,42.24%
30055,41.42%
30057,47.93%
30059,46.35%
30061,38.11%
30063,-5.71%
30065,50.07%
30067,19.13%
30069,59.25%
30071,56.27%
30073,31.36%
30075,68.22%
30077,43.53%
30079,49.59%
30081,35.91%
30083,46.19%
30085,-10.75%
30087,12.89%
30089,38.02%
30091,15.36%
30093,-18.19%
30095,49.01%
30097,53.66%
30099,35.28%
30101,38.64%
30103,47.10%
30105,26.01%
30107,46.58%
30109,46.96%
30111,25.32%
31001,40.96%
31003,62.73%
31005,81.20%
31007,73.91%
31009,77.58%
31011,60.90%
31013,33.75%
31015,59.49%
31017,66.82%
31019,54.40%
31021,29.36%
31023,46.74%
31025,35.94%
31027,50.79%
31029,68.42%
31031,66.60%
31033,61.06%
31035,53.94%
31037,44.01%
31039,54.36%
31041,61.97%
31043,7.54%
31045,42.31%
31047,55.57%
31049,56.79%
31051,36.22%
31053,33.80%
31055,18.10%
31057,63.82%
31059,46.54%
31061,50.47%
31063,60.33%
31065,59.10%
31067,28.12%
31069,65.00%
31071,59.98%
31073,59.70%
31075,78.54%
31077,40.38%
31079,39.54%
31081,56.99%
31083,56.35%
31085,76.59%
31087,58.88%
31089,64.22%
31091,71.15%
31093,37.60%
31095,31.11%
31097,24.44%
31099,56.64%
31101,63.16%
31103,62.66%
31105,59.94%
31107,46.90%
31109,13.67%
31111,37.97%
31113,67.60%
31115,63.73%
31117,67.31%
31119,57.12%
31121,52.99%
31123,54.95%
31125,44.95%
31127,41.16%
31129,54.35%
31131,37.14%
31133,34.05%
31135,65.66%
31137,64.14%
31139,67.04%
31141,60.58%
31143,58.56%
31145,58.46%
31147,38.03%
31149,69.08%
31151,11.70%
31153,38.93%
31155,37.49%
31157,45.41%
31159,42.82%
31161,65.64%
31163,32.32%
31165,68.48%
31167,58.29%
31169,45.55%
31171,71.62%
31173,-2.43%
31175,51.74%
31177,43.51%
31179,46.81%
31181,42.26%
31183,62.91%
31185,60.16%
32001,45.23%
32003,-4.85%
32005,28.94%
32007,58.06%
32009,55.72%
32011,57.86%
32013,47.23%
32015,57.87%
32017,56.72%
32019,32.06%
32021,17.40%
32023,19.79%
32027,41.89%
32029,17.62%
32031,4.21%
32033,40.03%
32510,16.14%
33001,11.89%
33003,4.59%
33005,-19.29%
33007,-2.61%
33009,-12.57%
33011,2.87%
33013,-5.11%
33015,4.18%
33017,-12.01%
33019,-5.93%
34001,-5.90%
34003,-4.46%
34005,-6.96%
34007,-25.50%
34009,14.49%
34011,-6.61%
34013,-41.58%
34015,-5.32%
34017,-35.24%
34019,20.75%
34021,-23.39%
34023,-13.57%
34025,9.96%
34027,15.81%
34029,21.20%
34031,-11.54%
34033,6.62%
34035,4.30%
34037,29.54%
34039,-18.11%
34041,23.85%
35001,-4.20%
35003,43.95%
35005,37.07%
35006,-5.82%
35007,4.32%
35009,49.76%
35011,42.80%
35013,-3.57%
35015,31.51%
35017,-7.17%
35019,-18.79%
35021,18.79%
35023,11.20%
35025,59.31%
35027,36.03%
35028,5.39%
35029,10.85%
35031,-27.64%
35033,-33.55%
35035,36.76%
35037,30.09%
35039,-30.70%
35041,40.80%
35043,2.71%
35045,32.62%
35047,-44.32%
35049,-43.21%
35051,23.97%
35053,-4.19%
35055,-49.35%
35057,25.20%
35059,55.45%
35061,12.32%
36001,-23.40%
36003,29.81%
36005,-66.27%
36007,-2.95%
36009,19.08%
36011,0.58%
36013,8.49%
36015,10.85%
36017,10.80%
36019,-6.80%
36021,-4.73%
36023,4.14%
36025,15.28%
36027,4.15%
36029,-14.98%
36031,5.77%
36033,-6.33%
36035,15.16%
36037,23.18%
36039,18.14%
36041,35.99%
36043,15.36%
36045,11.27%
36047,-50.56%
36049,18.23%
36051,20.79%
36053,11.28%
36055,-2.90%
36057,8.90%
36059,-5.61%
36061,-65.33%
36063,-0.51%
36065,12.16%
36067,-10.43%
36069,13.64%
36071,10.85%
36073,26.29%
36075,4.25%
36077,2.32%
36079,14.56%
36081,-44.25%
36083,-1.85%
36085,13.66%
36087,0.72%
36089,-11.56%
36091,6.95%
36093,-5.62%
36095,20.34%
36097,17.64%
36099,6.54%
36101,29.46%
36103,-0.93%
36105,0.92%
36107,17.02%
36109,-31.20%
36111,-11.15%
36113,11.47%
36115,12.76%
36117,21.83%
36119,-17.74%
36121,30.88%
36123,19.64%
37001,23.29%
37003,40.45%
37005,19.91%
37007,-17.53%
37009,23.81%
37011,51.48%
37013,27.70%
37015,-23.42%
37017,0.53%
37019,21.12%
37021,0.59%
37023,23.39%
37025,34.49%
37027,35.69%
37029,29.79%
37031,39.04%
37033,3.49%
37035,35.35%
37037,-0.02%
37039,34.66%
37041,10.42%
37043,32.49%
37045,23.02%
37047,2.03%
37049,25.31%
37051,3.52%
37053,34.58%
37055,20.64%
37057,41.82%
37059,48.79%
37061,16.21%
37063,-36.40%
37065,-22.36%
37067,8.59%
37069,10.78%
37071,36.07%
37073,-4.86%
37075,35.64%
37077,2.33%
37079,17.54%
37081,-0.90%
37083,-17.51%
37085,28.73%
37087,12.76%
37089,30.12%
37091,-27.04%
37093,-4.84%
37095,8.16%
37097,36.18%
37099,4.33%
37101,36.13%
37103,15.82%
37105,21.37%
37107,11.79%
37109,35.90%
37111,32.87%
37113,26.35%
37115,9.94%
37117,2.22%
37119,-3.63%
37121,46.24%
37123,14.21%
37125,29.07%
37127,16.48%
37129,12.04%
37131,-27.46%
37133,39.27%
37135,-34.51%
37137,22.26%
37139,-2.75%
37141,17.78%
37143,20.05%
37145,18.24%
37147,6.83%
37149,15.00%
37151,48.72%
37153,-4.17%
37155,-5.78%
37157,22.49%
37159,35.05%
37161,33.09%
37163,13.24%
37165,-10.78%
37167,39.78%
37169,40.26%
37171,35.71%
37173,3.45%
37175,21.10%
37177,7.80%
37179,40.73%
37181,-11.98%
37183,2.13%
37185,-29.04%
37187,-8.86%
37189,5.93%
37191,24.49%
37193,41.74%
37195,6.74%
37197,54.63%
37199,5.37%
38001,43.53%
38003,23.31%
38005,-8.64%
38007,62.06%
38009,35.38%
38011,51.46%
38013,40.52%
38015,38.53%
38017,20.40%
38019,25.98%
38021,35.70%
38023,20.82%
38025,34.22%
38027,9.98%
38029,39.66%
38031,39.69%
38033,56.53%
38035,15.27%
38037,55.39%
38039,27.94%
38041,42.77%
38043,34.26%
38045,37.69%
38047,51.24%
38049,25.32%
38051,47.50%
38053,38.02%
38055,28.42%
38057,44.18%
38059,33.66%
38061,2.05%
38063,17.12%
38065,42.90%
38067,29.69%
38069,35.95%
38071,21.59%
38073,5.88%
38075,31.04%
38077,29.74%
38079,-28.98%
38081,5.73%
38083,55.83%
38085,-42.54%
38087,56.94%
38089,40.45%
38091,-2.47%
38093,30.42%
38095,10.64%
38097,21.00%
38099,24.86%
38101,34.25%
38103,31.08%
38105,42.18%
39001,28.10%
39003,32.71%
39005,30.56%
39007,-6.66%
39009,-27.13%
39011,48.25%
39013,-5.96%
39015,27.68%
39017,32.15%
39019,9.89%
39021,25.30%
39023,2.04%
39025,41.61%
39027,40.84%
39029,4.70%
39031,14.22%
39033,28.04%
39035,-33.68%
39037,39.75%
39039,23.88%
39041,32.43%
39043,-7.05%
39045,26.42%
39047,25.87%
39049,-9.23%
39051,24.67%
39053,22.94%
39055,20.86%
39057,22.52%
39059,12.30%
39061,5.41%
39063,41.42%
39065,26.51%
39067,6.09%
39069,31.72%
39071,32.56%
39073,5.77%
39075,51.43%
39077,16.62%
39079,20.13%
39081,-5.06%
39083,26.80%
39085,2.58%
39087,12.04%
39089,23.88%
39091,35.73%
39093,-12.62%
39095,-20.67%
39097,28.24%
39099,-25.91%
39101,17.91%
39103,14.05%
39105,17.03%
39107,50.42%
39109,31.66%
39111,-10.60%
39113,-1.64%
39115,13.17%
39117,28.78%
39119,15.01%
39121,18.15%
39123,4.11%
39125,26.28%
39127,3.94%
39129,24.43%
39131,4.22%
39133,-6.64%
39135,30.58%
39137,52.94%
39139,19.78%
39141,10.27%
39143,12.19%
39145,4.07%
39147,18.26%
39149,42.31%
39151,-1.66%
39153,-13.76%
39155,-23.76%
39157,11.60%
39159,40.67%
39161,44.40%
39163,10.09%
39165,44.47%
39167,16.53%
39169,23.32%
39171,29.82%
39173,6.62%
39175,32.11%
40001,31.98%
40003,64.81%
40005,23.51%
40007,76.88%
40009,47.70%
40011,44.72%
40013,19.99%
40015,24.74%
40017,54.84%
40019,30.64%
40021,5.20%
40023,9.11%
40025,74.19%
40027,31.80%
40029,7.43%
40031,27.56%
40033,31.97%
40035,21.73%
40037,30.99%
40039,47.35%
40041,28.36%
40043,63.75%
40045,62.02%
40047,51.99%
40049,34.49%
40051,40.61%
40053,54.70%
40055,36.03%
40057,40.60%
40059,67.81%
40061,10.67%
40063,14.64%
40065,51.77%
40067,18.79%
40069,21.21%
40071,40.66%
40073,69.27%
40075,29.75%
40077,13.17%
40079,22.62%
40081,43.04%
40083,40.41%
40085,19.75%
40087,45.70%
40089,33.95%
40091,2.22%
40093,70.65%
40095,23.39%
40097,17.85%
40099,26.49%
40101,9.16%
40103,49.89%
40105,25.64%
40107,18.65%
40109,28.47%
40111,6.33%
40113,17.40%
40115,18.81%
40117,26.49%
40119,31.89%
40121,19.81%
40123,30.26%
40125,33.18%
40127,19.37%
40129,56.84%
40131,35.39%
40133,21.31%
40135,20.00%
40137,42.44%
40139,68.57%
40141,31.84%
40143,28.87%
40145,35.14%
40147,41.38%
40149,46.88%
40151,54.51%
40153,61.89%
41001,40.26%
41003,-17.61%
41005,1.31%
41007,-10.14%
41009,-2.79%
41011,11.68%
41013,37.87%
41015,16.50%
41017,14.29%
41019,32.49%
41021,33.83%
41023,59.69%
41025,53.38%
41027,-14.84%
41029,11.89%
41031,18.72%
41033,26.08%
41035,45.91%
41037,57.29%
41039,-17.63%
41041,-14.77%
41043,21.75%
41045,51.13%
41047,9.43%
41049,33.04%
41051,-44.43%
41053,11.34%
41055,27.54%
41057,1.81%
41059,31.09%
41061,32.92%
41063,41.21%
41065,3.57%
41067,-6.02%
41069,41.70%
41071,14.87%
42001,34.30%
42003,-15.03%
42005,22.19%
42007,-2.70%
42009,46.70%
42011,6.57%
42013,32.57%
42015,32.56%
42017,-2.80%
42019,29.11%
42021,2.18%
42023,33.46%
42025,1.18%
42027,3.73%
42029,4.47%
42031,29.18%
42033,20.49%
42035,15.84%
42037,20.00%
42039,15.53%
42041,28.02%
42043,8.25%
42045,-14.82%
42047,8.73%
42049,-8.38%
42051,-7.45%
42053,22.62%
42055,43.12%
42057,52.58%
42059,0.72%
42061,34.59%
42063,12.20%
42065,37.31%
42067,43.44%
42069,-13.99%
42071,32.19%
42073,1.27%
42075,34.10%
42077,-2.61%
42079,-3.40%
42081,36.50%
42083,26.67%
42085,2.87%
42087,40.69%
42089,0.01%
42091,-11.59%
42093,29.34%
42095,-1.06%
42097,20.63%
42099,43.73%
42101,-61.14%
42103,17.78%
42105,42.35%
42107,9.82%
42109,41.50%
42111,29.80%
42113,25.66%
42115,22.17%
42117,37.46%
42119,28.74%
42121,23.03%
42123,15.33%
42125,-0.57%
42127,25.73%
42129,12.49%
42131,21.82%
42133,28.21%
44001,-18.57%
44003,-11.70%
44005,-15.76%
44007,-27.01%
44009,-13.01%
45001,10.55%
45003,32.40%
45005,-44.00%
45007,35.01%
45009,-28.21%
45011,7.18%
45013,21.41%
45015,22.60%
45017,0.79%
45019,4.80%
45021,30.05%
45023,0.07%
45025,3.72%
45027,-7.77%
45029,4.01%
45031,6.23%
45033,-5.75%
45035,27.28%
45037,16.01%
45039,-23.67%
45041,12.61%
45043,8.49%
45045,33.25%
45047,22.65%
45049,-21.64%
45051,25.69%
45053,-13.25%
45055,24.63%
45057,25.39%
45059,22.08%
45061,-26.07%
45063,44.67%
45065,-4.92%
45067,-16.12%
45069,-18.24%
45071,25.55%
45073,37.83%
45075,-31.95%
45077,48.07%
45079,-15.00%
45081,20.27%
45083,29.32%
45085,-1.68%
45087,11.36%
45089,-30.53%
45091,29.93%
46003,23.59%
46005,17.38%
46007,4.54%
46009,22.59%
46011,16.59%
46013,13.14%
46015,19.17%
46017,-45.18%
46019,50.50%
46021,48.91%
46023,8.36%
46025,24.07%
46027,-10.15%
46029,23.33%
46031,-14.62%
46033,38.34%
46035,25.67%
46037,-4.12%
46039,18.45%
46041,-26.72%
46043,59.79%
46045,29.95%
46047,28.27%
46049,38.50%
46051,18.56%
46053,34.25%
46055,63.55%
46057,30.92%
46059,37.22%
46061,29.49%
46063,74.85%
46065,37.58%
46067,41.52%
46069,41.33%
46071,17.15%
46073,20.55%
46075,60.11%
46077,21.27%
46079,14.15%
46081,31.26%
46083,31.98%
46085,8.09%
46087,24.95%
46089,51.36%
46091,6.05%
46093,46.99%
46095,20.62%
46097,11.50%
46099,15.30%
46101,5.24%
46103,35.05%
46105,50.25%
46107,42.03%
46109,-2.63%
46111,16.55%
46113,-72.14%
46115,20.69%
46117,40.97%
46119,54.63%
46121,-46.94%
46123,38.77%
46125,29.75%
46127,14.00%
46129,37.81%
46135,16.93%
46137,-17.38%
47001,17.72%
47003,22.49%
47005,-9.99%
47007,19.17%
47009,37.35%
47011,46.36%
47013,12.01%
47015,7.59%
47017,13.06%
47019,42.01%
47021,23.94%
47023,29.01%
47025,22.90%
47027,-0.74%
47029,35.43%
47031,17.60%
47033,13.68%
47035,28.84%
47037,-10.28%
47039,6.11%
47041,3.35%
47043,10.21%
47045,22.88%
47047,22.16%
47049,28.69%
47051,7.78%
47053,10.85%
47055,7.71%
47057,31.06%
47059,36.15%
47061,-13.84%
47063,32.75%
47065,15.51%
47067,38.38%
47069,-9.37%
47071,22.63%
47073,33.43%
47075,-16.15%
47077,31.07%
47079,12.20%
47081,1.11%
47083,-19.07%
47085,-15.71%
47087,-19.22%
47089,35.76%
47091,43.55%
47093,25.10%
47095,-11.73%
47097,-3.57%
47099,20.21%
47101,12.41%
47103,26.35%
47105,41.95%
47107,33.82%
47109,16.99%
47111,25.99%
47113,12.51%
47115,2.73%
47117,10.39%
47119,17.06%
47121,21.90%
47123,30.63%
47125,17.46%
47127,21.05%
47129,20.07%
47131,17.07%
47133,-6.78%
47135,-1.81%
47137,21.44%
47139,17.91%
47141,19.18%
47143,32.89%
47145,24.69%
47147,21.59%
47149,24.35%
47151,18.65%
47153,19.37%
47155,43.66%
47157,-15.59%
47159,-3.90%
47161,-3.31%
47163,36.59%
47165,30.21%
47167,31.37%
47169,-16.83%
47171,35.59%
47173,24.16%
47175,-3.79%
47177,4.83%
47179,32.86%
47181,34.22%
47183,16.52%
47185,11.82%
47187,44.84%
47189,30.70%
48001,42.00%
48003,69.66%
48005,33.95%
48007,42.39%
48009,60.17%
48011,65.74%
48013,26.53%
48015,51.30%
48017,56.26%
48019,59.43%
48021,14.91%
48023,42.80%
48025,14.53%
48027,31.32%
48029,10.46%
48031,43.85%
48033,69.08%
48035,51.70%
48037,29.36%
48039,37.27%
48041,39.53%
48043,6.68%
48045,52.90%
48047,-36.57%
48049,63.97%
48051,31.68%
48053,46.43%
48055,11.94%
48057,25.79%
48059,61.35%
48061,1.16%
48063,19.37%
48065,66.75%
48067,22.85%
48069,47.86%
48071,48.63%
48073,43.50%
48075,52.15%
48077,50.53%
48079,54.68%
48081,66.58%
48083,58.99%
48085,43.03%
48087,50.43%
48089,43.26%
48091,54.63%
48093,45.22%
48095,53.73%
48097,58.03%
48099,41.41%
48101,43.62%
48103,67.34%
48105,44.85%
48107,45.05%
48109,4.06%
48111,65.54%
48113,1.40%
48115,50.72%
48117,56.81%
48119,39.39%
48121,40.49%
48123,51.84%
48125,53.62%
48127,-33.01%
48129,60.54%
48131,-42.92%
48133,53.48%
48135,52.12%
48137,54.83%
48139,49.44%
48141,-12.90%
48143,55.34%
48145,17.40%
48147,32.54%
48149,45.44%
48151,20.96%
48153,57.55%
48155,19.08%
48157,15.26%
48159,51.55%
48161,41.71%
48163,1.53%
48165,70.41%
48167,16.39%
48169,63.69%
48171,62.26%
48173,83.30%
48175,29.93%
48177,42.88%
48179,69.66%
48181,39.00%
48183,41.59%
48185,31.76%
48187,46.24%
48189,58.57%
48191,35.00%
48193,53.91%
48195,77.46%
48197,43.13%
48199,45.49%
48201,10.19%
48203,26.05%
48205,69.01%
48207,27.81%
48209,14.45%
48211,68.35%
48213,40.57%
48215,-10.06%
48217,41.94%
48219,63.02%
48221,53.61%
48223,42.60%
48225,33.24%
48227,47.22%
48229,31.04%
48231,42.90%
48233,67.63%
48235,65.58%
48237,58.45%
48239,48.65%
48241,30.11%
48243,33.08%
48245,-2.88%
48247,-30.61%
48249,-7.93%
48251,47.43%
48253,43.77%
48255,33.62%
48257,40.69%
48259,63.26%
48261,-1.78%
48263,46.74%
48265,56.39%
48267,63.77%
48269,76.28%
48271,31.81%
48273,8.18%
48275,39.76%
48277,38.44%
48279,59.78%
48281,54.51%
48283,-10.76%
48285,46.74%
48287,37.14%
48289,48.08%
48291,37.07%
48293,29.11%
48295,72.03%
48297,50.25%
48299,52.12%
48301,66.25%
48303,51.17%
48305,56.63%
48307,53.42%
48309,31.96%
48311,65.96%
48313,39.06%
48315,12.81%
48317,67.85%
48319,54.94%
48321,30.06%
48323,-19.16%
48325,40.92%
48327,38.98%
48329,63.75%
48331,21.02%
48333,61.77%
48335,49.77%
48337,50.20%
48339,56.74%
48341,63.82%
48343,7.22%
48345,65.94%
48347,32.65%
48349,34.03%
48351,11.33%
48353,41.24%
48355,14.27%
48357,84.07%
48359,74.14%
48361,27.63%
48363,43.15%
48365,40.60%
48367,55.74%
48369,71.62%
48371,43.47%
48373,32.69%
48375,47.88%
48377,-23.49%
48379,42.21%
48381,67.24%
48383,67.54%
48385,60.12%
48387,23.35%
48389,5.21%
48391,28.36%
48393,81.85%
48395,11.96%
48397,57.86%
48399,60.43%
48401,46.29%
48403,35.83%
48405,19.40%
48407,33.30%
48409,26.78%
48411,56.15%
48413,52.67%
48415,64.52%
48417,69.61%
48419,36.04%
48421,76.74%
48423,45.37%
48425,52.66%
48427,-47.51%
48429,59.68%
48431,76.91%
48433,33.11%
48435,61.46%
48437,40.61%
48439,25.38%
48441,55.20%
48443,31.34%
48445,59.75%
48447,52.61%
48449,28.47%
48451,51.25%
48453,-14.02%
48455,28.67%
48457,30.78%
48459,41.35%
48461,68.84%
48463,21.81%
48465,18.75%
48467,51.14%
48469,41.63%
48471,32.17%
48473,11.05%
48475,51.88%
48477,47.52%
48479,-14.20%
48481,32.67%
48483,64.33%
48485,43.15%
48487,48.12%
48489,-10.58%
48491,31.33%
48493,40.25%
48495,60.59%
48497,51.85%
48499,51.96%
48501,70.88%
48503,58.89%
48505,-14.98%
48507,-49.87%
49001,60.14%
49003,73.54%
49005,65.72%
49007,18.04%
49009,54.51%
49011,59.76%
49013,72.07%
49015,63.06%
49017,73.27%
49019,6.53%
49021,68.29%
49023,60.76%
49025,60.24%
49027,70.90%
49029,73.65%
49031,67.66%
49033,78.40%
49035,22.03%
49037,21.52%
49039,68.36%
49041,74.30%
49043,6.26%
49045,48.31%
49047,72.83%
49049,74.35%
49051,48.58%
49053,63.88%
49055,57.57%
49057,43.11%
50001,-21.91%
50003,-18.11%
50005,-2.40%
50007,-29.53%
50009,10.73%
50011,-8.34%
50013,-12.07%
50015,-27.72%
50017,-11.67%
50019,-5.42%
50021,-4.73%
50023,-24.54%
50025,-35.21%
50027,-22.98%
51001,16.53%
51003,-2.06%
51005,10.55%
51007,30.33%
51009,22.78%
51011,32.68%
51013,-36.29%
51015,50.77%
51017,26.47%
51019,40.83%
51021,38.95%
51023,38.39%
51025,-17.47%
51027,-7.81%
51029,6.57%
51031,39.26%
51033,1.22%
51035,35.33%
51036,-26.20%
51037,17.34%
51041,25.71%
51043,16.02%
51045,30.71%
51047,29.16%
51049,15.90%
51051,-2.30%
51053,14.98%
51057,6.84%
51059,-7.30%
51061,27.74%
51063,24.86%
51065,18.65%
51067,27.21%
51069,36.91%
51071,16.98%
51073,36.61%
51075,29.84%
51077,31.18%
51079,33.58%
51081,-18.37%
51083,14.62%
51085,43.26%
51087,8.20%
51089,14.95%
51091,30.26%
51093,25.57%
51095,22.56%
51097,7.03%
51099,30.11%
51101,28.54%
51103,20.02%
51105,16.98%
51107,12.09%
51109,18.60%
51111,9.46%
51113,23.91%
51115,37.20%
51117,15.85%
51119,26.45%
51121,9.34%
51125,-0.06%
51127,37.39%
51131,-1.93%
51133,20.03%
51135,11.08%
51137,21.15%
51139,30.17%
51141,35.73%
51143,30.63%
51145,48.04%
51147,-0.83%
51149,23.13%
51153,6.44%
51155,24.27%
51157,8.27%
51159,24.96%
51161,30.90%
51163,19.44%
51165,49.51%
51167,7.97%
51169,31.65%
51171,38.69%
51173,30.55%
51175,7.84%
51177,26.19%
51179,24.56%
51181,-11.67%
51183,-12.20%
51185,16.33%
51187,23.88%
51191,32.91%
51193,0.92%
51195,17.66%
51197,37.48%
51199,30.52%
51510,-34.58%
51515,16.92%
51520,27.89%
51530,20.13%
51540,-44.76%
51550,14.79%
51570,49.42%
51580,-3.26%
51590,-0.19%
51595,-12.47%
51600,-3.32%
51610,-30.67%
51620,-8.40%
51630,-9.22%
51640,14.95%
51650,-15.46%
51660,13.05%
51670,8.54%
51678,-15.24%
51680,10.15%
51683,13.14%
51685,9.27%
51690,-8.89%
51700,-4.58%
51710,-24.26%
51720,2.86%
51730,-62.30%
51735,55.25%
51740,-22.51%
51750,6.60%
51760,-41.08%
51770,-6.11%
51775,24.91%
51790,21.28%
51800,4.75%
51810,18.83%
51820,28.88%
51830,-3.52%
51840,14.09%
53001,47.51%
53003,22.77%
53005,34.09%
53007,27.22%
53009,4.96%
53011,5.34%
53013,41.05%
53015,-3.23%
53017,34.36%
53019,24.46%
53021,34.46%
53023,43.18%
53025,38.55%
53027,-6.12%
53029,3.99%
53031,-26.60%
53033,-31.22%
53035,-4.37%
53037,14.40%
53039,10.59%
53041,31.81%
53043,39.73%
53045,-3.57%
53047,20.36%
53049,-8.97%
53051,22.31%
53053,-2.37%
53055,-32.65%
53057,1.93%
53059,6.22%
53061,-7.50%
53063,11.90%
53065,30.45%
53067,-13.00%
53069,6.71%
53071,26.46%
53073,-8.82%
53075,6.16%
53077,20.44%
54001,20.95%
54003,26.78%
54005,-16.92%
54007,-0.81%
54009,-2.82%
54011,11.73%
54013,11.15%
54015,8.91%
54017,49.13%
54019,-6.42%
54021,17.74%
54023,61.42%
54025,15.63%
54027,37.94%
54029,2.74%
54031,38.25%
54033,12.66%
54035,17.50%
54037,6.19%
54039,1.61%
54041,28.15%
54043,0.65%
54045,-5.54%
54047,-23.83%
54049,-2.46%
54051,13.81%
54053,9.00%
54055,17.33%
54057,37.83%
54059,-12.87%
54061,3.96%
54063,21.49%
54065,32.70%
54067,6.73%
54069,15.45%
54071,21.59%
54073,20.73%
54075,18.43%
54077,32.63%
54079,25.51%
54081,21.96%
54083,14.10%
54085,48.05%
54087,13.57%
54089,8.58%
54091,19.48%
54093,21.64%
54095,32.91%
54097,33.97%
54099,8.92%
54101,-6.49%
54103,4.63%
54105,31.31%
54107,27.85%
54109,14.81%
55001,-5.33%
55003,-27.09%
55005,1.40%
55007,-21.56%
55009,9.93%
55011,-6.53%
55013,2.62%
55015,17.53%
55017,2.29%
55019,6.61%
55021,2.22%
55023,-11.54%
55025,-33.07%
55027,23.71%
55029,3.10%
55031,-32.12%
55033,-5.01%
55035,-9.77%
55037,26.06%
55039,26.54%
55041,1.92%
55043,-2.60%
55045,-5.91%
55047,28.17%
55049,-14.14%
55051,-1.86%
55053,-8.86%
55055,13.89%
55057,5.97%
55059,-5.91%
55061,7.05%
55063,-7.86%
55065,-5.64%
55067,13.40%
55069,3.44%
55071,5.38%
55073,8.07%
55075,7.53%
55077,9.66%
55078,-65.73%
55079,-24.34%
55081,7.17%
55083,12.68%
55085,4.02%
55087,9.70%
55089,32.41%
55091,-8.07%
55093,-3.38%
55095,3.92%
55097,-13.64%
55099,-0.42%
55101,4.16%
55103,3.56%
55105,-16.71%
55107,2.08%
55109,9.31%
55111,-4.25%
55113,5.71%
55115,16.63%
55117,10.94%
55119,18.37%
55121,-15.62%
55123,-7.75%
55125,17.44%
55127,19.77%
55129,0.60%
55131,40.58%
55133,35.29%
55135,19.09%
55137,13.32%
55139,6.32%
55141,4.10%
56001,11.36%
56003,61.93%
56005,65.91%
56007,36.74%
56009,57.00%
56011,68.76%
56013,35.63%
56015,44.09%
56017,47.94%
56019,64.02%
56021,32.05%
56023,63.92%
56025,36.33%
56027,63.47%
56029,55.58%
56031,39.81%
56033,40.08%
56035,57.98%
56037,33.46%
56039,-7.47%
56041,52.79%
56043,57.00%
56045,63.65%
60010,
60020,
60030,
60040,
60050,
66010,
69085,
69100,
69110,
69120,
72001,
72003,
72005,
72007,
72009,
72011,
72013,
72015,
72017,
72019,
72021,
72023,
72025,
72027,
72029,
72031,
72033,
72035,
72037,
72039,
72041,
72043,
72045,
72047,
72049,
72051,
72053,
72054,
72055,
72057,
72059,
72061,
72063,
72065,
72067,
72069,
72071,
72073,
72075,
72077,
72079,
72081,
72083,
72085,
72087,
72089,
72091,
72093,
72095,
72097,
72099,
72101,
72103,
72105,
72107,
72109,
72111,
72113,
72115,
72117,
72119,
72121,
72123,
72125,
72127,
72129,
72131,
72133,
72135,
72137,
72139,
72141,
72143,
72145,
72147,
72149,
72151,
72153,
74300,
78010,
78020,
78030,
