statecounty,2.09%, 45.95%, 48.04%,-
01001,49.00%, 72.77%, 23.77%,-
01003,57.16%, 76.55%, 19.39%,-
01005,5.57%, 52.10%, 46.53%,-
01007,55.15%, 76.40%, 21.25%,-
01009,80.91%, 89.33%, 8.43%,-
01011,50.74%, 24.20%, 74.95%,-
01013,13.46%, 56.13%, 42.67%,-
01015,41.00%, 68.66%, 27.67%,-
01017,14.81%, 56.42%, 41.61%,-
01019,69.00%, 83.42%, 14.41%,-
01021,66.25%, 82.10%, 15.85%,-
01023,13.67%, 56.31%, 42.64%,-
01025,10.67%, 54.79%, 44.12%,-
01027,60.51%, 79.18%, 18.67%,-
01029,77.05%, 87.43%, 10.37%,-
01031,56.12%, 76.44%, 20.33%,-
01033,37.86%, 67.21%, 29.35%,-
01035,5.16%, 51.94%, 46.77%,-
01037,30.45%, 64.38%, 33.93%,-
01039,68.26%, 83.23%, 14.97%,-
01041,45.46%, 72.01%, 26.55%,-
01043,77.08%, 87.10%, 10.03%,-
01045,50.11%, 73.65%, 23.54%,-
01047,37.50%, 30.81%, 68.31%,-
01049,68.86%, 82.88%, 14.02%,-
01051,51.51%, 74.17%, 22.66%,-
01053,35.90%, 66.92%, 31.02%,-
01055,49.61%, 73.26%, 23.64%,-
01057,64.86%, 81.37%, 16.51%,-
01059,60.37%, 78.62%, 18.25%,-
01061,72.03%, 85.00%, 12.97%,-
01063,65.06%, 17.17%, 82.23%,-
01065,19.93%, 39.47%, 59.39%,-
01067,41.38%, 69.77%, 28.39%,-
01069,47.06%, 72.07%, 25.01%,-
01071,61.95%, 79.45%, 17.50%,-
01073,7.27%, 44.30%, 51.57%,-
01075,68.72%, 83.59%, 14.87%,-
01077,45.41%, 70.59%, 25.18%,-
01079,48.59%, 73.05%, 24.46%,-
01081,22.62%, 58.48%, 35.87%,-
01083,48.64%, 72.14%, 23.50%,-
01085,46.86%, 26.20%, 73.06%,-
01087,67.12%, 15.66%, 82.78%,-
01089,16.34%, 54.79%, 38.45%,-
01091,3.47%, 47.60%, 51.07%,-
01093,75.80%, 86.83%, 11.03%,-
01095,68.85%, 82.78%, 13.92%,-
01097,13.27%, 55.06%, 41.79%,-
01099,14.24%, 56.42%, 42.18%,-
01101,25.98%, 35.46%, 61.45%,-
01103,51.80%, 74.02%, 22.22%,-
01105,45.79%, 26.66%, 72.45%,-
01107,15.55%, 57.18%, 41.63%,-
01109,20.03%, 58.42%, 38.40%,-
01111,53.15%, 75.64%, 22.49%,-
01113,1.92%, 47.83%, 49.75%,-
01115,67.87%, 82.42%, 14.55%,-
01117,49.42%, 72.12%, 22.69%,-
01119,49.37%, 24.66%, 74.03%,-
01121,25.42%, 61.71%, 36.28%,-
01123,41.44%, 69.76%, 28.32%,-
01125,19.30%, 57.71%, 38.41%,-
01127,67.08%, 82.34%, 15.26%,-
01129,42.99%, 70.81%, 27.82%,-
01131,42.41%, 28.45%, 70.86%,-
01133,81.02%, 89.48%, 8.46%,-
02013,0%,-,-,-
02016,0%,-,-,-
02020,0%,-,-,-
02050,0%,-,-,-
02060,0%,-,-,-
02068,0%,-,-,-
02070,0%,-,-,-
02090,0%,-,-,-
02100,0%,-,-,-
02105,0%,-,-,-
02110,0%,-,-,-
02122,0%,-,-,-
02130,0%,-,-,-
02150,0%,-,-,-
02164,0%,-,-,-
02170,0%,-,-,-
02180,0%,-,-,-
02185,0%,-,-,-
02188,0%,-,-,-
02195,0%,-,-,-
02198,0%,-,-,-
02220,0%,-,-,-
02230,0%,-,-,-
02240,0%,-,-,-
02261,0%,-,-,-
02270,0%,-,-,-
02275,0%,-,-,-
02282,0%,-,-,-
02290,0%,-,-,-
04001,31.97%, 29.79%, 61.76%,-
04003,21.28%, 56.17%, 34.89%,-
04005,18.89%, 35.31%, 54.20%,-
04007,31.89%, 62.99%, 31.10%,-
04009,38.47%, 65.34%, 26.88%,-
04011,24.24%, 57.33%, 33.09%,-
04012,40.80%, 67.27%, 26.47%,-
04013,2.84%, 47.67%, 44.83%,-
04015,51.07%, 72.90%, 21.83%,-
04017,10.22%, 51.07%, 40.85%,-
04019,13.57%, 39.71%, 53.28%,-
04021,19.24%, 56.21%, 36.97%,-
04023,47.42%, 23.71%, 71.14%,-
04025,31.23%, 62.32%, 31.10%,-
04027,1.06%, 47.47%, 46.42%,-
05001,30.38%, 61.59%, 31.21%,-
05003,36.25%, 66.04%, 29.79%,-
05005,53.19%, 74.28%, 21.09%,-
05007,33.94%, 62.87%, 28.92%,-
05009,57.78%, 75.94%, 18.16%,-
05011,23.19%, 59.24%, 36.05%,-
05013,40.41%, 68.58%, 28.16%,-
05015,32.01%, 63.08%, 31.07%,-
05017,15.18%, 41.09%, 56.27%,-
05019,9.20%, 51.65%, 42.46%,-
05021,49.65%, 72.71%, 23.06%,-
05023,60.88%, 78.26%, 17.39%,-
05025,51.85%, 73.40%, 21.56%,-
05027,26.06%, 61.39%, 35.33%,-
05029,27.66%, 61.17%, 33.51%,-
05031,34.73%, 64.35%, 29.62%,-
05033,54.33%, 74.33%, 19.99%,-
05035,9.06%, 43.66%, 52.72%,-
05037,37.61%, 66.69%, 29.08%,-
05039,12.41%, 54.46%, 42.04%,-
05041,7.26%, 45.08%, 52.34%,-
05043,24.31%, 60.17%, 35.86%,-
05045,30.97%, 61.75%, 30.78%,-
05047,54.11%, 74.43%, 20.32%,-
05049,50.38%, 72.74%, 22.36%,-
05051,33.76%, 63.93%, 30.17%,-
05053,58.46%, 76.90%, 18.44%,-
05055,52.39%, 73.42%, 21.03%,-
05057,28.71%, 62.43%, 33.72%,-
05059,42.05%, 68.42%, 26.36%,-
05061,38.64%, 67.54%, 28.90%,-
05063,51.82%, 72.98%, 21.16%,-
05065,53.76%, 74.19%, 20.43%,-
05067,32.66%, 63.36%, 30.70%,-
05069,25.19%, 35.72%, 60.91%,-
05071,40.21%, 66.85%, 26.64%,-
05073,25.38%, 61.47%, 36.08%,-
05075,49.27%, 71.49%, 22.22%,-
05077,16.72%, 40.61%, 57.34%,-
05079,31.44%, 64.17%, 32.72%,-
05081,42.24%, 68.97%, 26.73%,-
05083,50.89%, 72.54%, 21.65%,-
05085,52.75%, 73.65%, 20.90%,-
05087,48.82%, 72.04%, 23.21%,-
05089,54.90%, 75.08%, 20.18%,-
05091,43.63%, 70.19%, 26.56%,-
05093,10.53%, 53.48%, 42.94%,-
05095,6.14%, 51.63%, 45.49%,-
05097,53.25%, 74.26%, 21.02%,-
05099,25.97%, 61.61%, 35.64%,-
05101,57.98%, 76.61%, 18.63%,-
05103,10.37%, 53.86%, 43.49%,-
05105,45.49%, 69.86%, 24.36%,-
05107,26.81%, 35.18%, 61.99%,-
05109,61.92%, 79.13%, 17.21%,-
05111,46.90%, 71.25%, 24.35%,-
05113,65.68%, 80.40%, 14.72%,-
05115,49.87%, 72.03%, 22.15%,-
05117,49.10%, 72.74%, 23.64%,-
05119,17.72%, 38.34%, 56.06%,-
05121,48.35%, 70.69%, 22.34%,-
05123,11.25%, 43.00%, 54.25%,-
05125,43.39%, 68.83%, 25.44%,-
05127,60.66%, 77.81%, 17.15%,-
05129,63.14%, 79.27%, 16.12%,-
05131,37.70%, 65.25%, 27.56%,-
05133,48.38%, 71.94%, 23.56%,-
05135,54.28%, 74.59%, 20.31%,-
05137,52.18%, 73.75%, 21.57%,-
05139,27.23%, 61.89%, 34.66%,-
05141,52.23%, 73.33%, 21.11%,-
05143,9.91%, 50.67%, 40.76%,-
05145,56.81%, 75.28%, 18.46%,-
05147,8.91%, 52.39%, 43.49%,-
05149,48.58%, 71.56%, 22.98%,-
06001,63.52%, 14.54%, 78.06%,-
06003,19.44%, 36.05%, 55.48%,-
06005,24.95%, 58.37%, 33.42%,-
06007,3.69%, 46.54%, 42.85%,-
06009,23.66%, 57.42%, 33.76%,-
06011,13.29%, 53.02%, 39.73%,-
06013,42.99%, 24.51%, 67.50%,-
06015,17.25%, 53.71%, 36.46%,-
06017,13.50%, 51.76%, 38.26%,-
06019,6.02%, 43.21%, 49.24%,-
06021,28.75%, 61.12%, 32.37%,-
06023,24.71%, 30.61%, 55.32%,-
06025,41.51%, 26.42%, 67.93%,-
06027,13.36%, 51.94%, 38.57%,-
06029,12.65%, 53.07%, 40.42%,-
06031,13.05%, 52.73%, 39.69%,-
06033,3.64%, 42.95%, 46.59%,-
06035,50.00%, 70.79%, 20.79%,-
06037,49.34%, 22.41%, 71.76%,-
06039,14.54%, 53.69%, 39.14%,-
06041,61.80%, 15.48%, 77.27%,-
06043,23.24%, 58.41%, 35.17%,-
06045,29.52%, 28.72%, 58.23%,-
06047,12.14%, 40.58%, 52.72%,-
06049,47.33%, 70.15%, 22.82%,-
06051,12.54%, 39.97%, 52.51%,-
06053,40.62%, 26.16%, 66.78%,-
06055,35.50%, 28.37%, 63.87%,-
06057,4.89%, 42.53%, 47.43%,-
06059,8.59%, 42.35%, 50.94%,-
06061,11.63%, 51.14%, 39.52%,-
06063,19.91%, 55.03%, 35.12%,-
06065,5.38%, 44.35%, 49.73%,-
06067,24.23%, 33.75%, 57.98%,-
06069,21.16%, 35.44%, 56.60%,-
06071,10.64%, 41.48%, 52.12%,-
06073,19.73%, 36.57%, 56.30%,-
06075,75.24%, 9.23%, 84.47%,-
06077,14.18%, 39.18%, 53.36%,-
06079,7.98%, 40.94%, 48.91%,-
06081,57.24%, 18.43%, 75.67%,-
06083,28.39%, 31.51%, 59.90%,-
06085,52.13%, 20.58%, 72.71%,-
06087,56.00%, 17.26%, 73.26%,-
06089,36.38%, 63.90%, 27.52%,-
06091,24.06%, 56.40%, 32.35%,-
06093,20.04%, 55.34%, 35.30%,-
06095,30.00%, 30.88%, 60.87%,-
06097,46.73%, 22.03%, 68.77%,-
06099,1.81%, 45.01%, 46.81%,-
06101,15.08%, 53.74%, 38.66%,-
06103,36.33%, 64.81%, 28.48%,-
06105,10.34%, 48.62%, 38.28%,-
06107,9.39%, 51.09%, 41.70%,-
06109,20.96%, 56.20%, 35.23%,-
06111,17.43%, 37.16%, 54.59%,-
06113,41.43%, 25.26%, 66.70%,-
06115,22.87%, 57.27%, 34.39%,-
08001,8.51%, 41.35%, 49.86%,-
08003,2.06%, 43.90%, 45.96%,-
08005,14.13%, 38.63%, 52.76%,-
08007,24.04%, 58.10%, 34.06%,-
08009,68.28%, 81.42%, 13.14%,-
08011,31.03%, 61.65%, 30.62%,-
08013,48.33%, 22.00%, 70.34%,-
08014,14.23%, 38.12%, 52.35%,-
08015,4.47%, 47.92%, 43.45%,-
08017,71.96%, 83.94%, 11.98%,-
08019,2.63%, 43.90%, 46.52%,-
08021,3.56%, 47.59%, 44.03%,-
08023,29.06%, 31.82%, 60.88%,-
08025,48.46%, 70.66%, 22.20%,-
08027,41.23%, 67.22%, 25.99%,-
08029,45.07%, 69.42%, 24.34%,-
08031,54.80%, 18.89%, 73.69%,-
08033,55.94%, 75.22%, 19.28%,-
08035,18.09%, 54.71%, 36.62%,-
08037,20.26%, 35.64%, 55.90%,-
08039,53.64%, 73.25%, 19.61%,-
08041,22.33%, 56.19%, 33.86%,-
08043,44.71%, 68.82%, 24.11%,-
08045,7.03%, 49.61%, 42.58%,-
08047,1.90%, 43.79%, 45.69%,-
08049,13.23%, 52.33%, 39.10%,-
08051,19.54%, 34.94%, 54.48%,-
08053,24.11%, 57.56%, 33.45%,-
08055,6.61%, 49.78%, 43.17%,-
08057,53.19%, 73.05%, 19.86%,-
08059,6.87%, 42.01%, 48.89%,-
08061,74.50%, 85.15%, 10.64%,-
08063,65.67%, 80.15%, 14.48%,-
08065,10.82%, 39.70%, 50.52%,-
08067,9.43%, 40.41%, 49.84%,-
08069,4.94%, 42.57%, 47.51%,-
08071,15.60%, 54.62%, 39.01%,-
08073,60.88%, 77.67%, 16.79%,-
08075,55.86%, 74.90%, 19.04%,-
08077,36.12%, 64.10%, 27.98%,-
08079,16.41%, 52.76%, 36.35%,-
08081,67.91%, 81.30%, 13.39%,-
08083,30.18%, 61.07%, 30.90%,-
08085,42.08%, 67.88%, 25.80%,-
08087,41.76%, 68.10%, 26.35%,-
08089,23.49%, 58.31%, 34.82%,-
08091,10.45%, 40.82%, 51.27%,-
08093,26.05%, 58.89%, 32.84%,-
08095,58.10%, 76.80%, 18.70%,-
08097,45.45%, 24.23%, 69.69%,-
08099,46.75%, 70.39%, 23.64%,-
08101,0.50%, 46.11%, 45.62%,-
08103,68.26%, 80.90%, 12.64%,-
08105,19.59%, 55.75%, 36.16%,-
08107,16.95%, 37.39%, 54.34%,-
08109,9.52%, 40.46%, 49.98%,-
08111,9.88%, 42.49%, 52.37%,-
08113,44.86%, 23.86%, 68.72%,-
08115,54.84%, 74.41%, 19.57%,-
08117,27.56%, 31.53%, 59.09%,-
08119,42.52%, 67.47%, 24.94%,-
08121,73.29%, 84.12%, 10.83%,-
08123,22.25%, 56.60%, 34.35%,-
08125,65.21%, 80.36%, 15.15%,-
09001,19.89%, 38.00%, 57.89%,-
09003,22.67%, 36.42%, 59.09%,-
09005,13.62%, 54.44%, 40.82%,-
09007,7.32%, 43.86%, 51.18%,-
09009,12.29%, 41.96%, 54.25%,-
09011,6.65%, 43.76%, 50.42%,-
09013,5.57%, 44.16%, 49.73%,-
09015,7.78%, 50.66%, 42.88%,-
10001,4.87%, 49.50%, 44.63%,-
10003,29.43%, 32.52%, 61.95%,-
10005,21.94%, 59.01%, 37.07%,-
11001,86.78%, 4.09%, 90.86%,-
12001,22.28%, 36.00%, 58.28%,-
12003,64.40%, 81.02%, 16.62%,-
12005,45.79%, 70.50%, 24.71%,-
12007,49.26%, 73.31%, 24.05%,-
12009,19.54%, 57.16%, 37.62%,-
12011,34.91%, 31.16%, 66.08%,-
12013,55.71%, 75.96%, 20.25%,-
12015,27.55%, 61.96%, 34.41%,-
12017,39.38%, 67.72%, 28.34%,-
12019,43.93%, 69.85%, 25.93%,-
12021,25.70%, 61.11%, 35.41%,-
12023,44.23%, 70.57%, 26.33%,-
12027,27.49%, 62.17%, 34.68%,-
12029,62.82%, 80.35%, 17.53%,-
12031,1.37%, 48.48%, 47.12%,-
12033,20.33%, 57.60%, 37.27%,-
12035,20.39%, 58.38%, 37.98%,-
12037,39.30%, 68.08%, 28.78%,-
12039,37.33%, 30.29%, 67.62%,-
12041,62.35%, 79.56%, 17.21%,-
12043,39.37%, 68.37%, 29.01%,-
12045,49.23%, 72.69%, 23.46%,-
12047,28.03%, 62.70%, 34.67%,-
12049,40.46%, 68.57%, 28.11%,-
12051,14.13%, 55.40%, 41.27%,-
12053,28.71%, 62.30%, 33.59%,-
12055,31.79%, 64.26%, 32.46%,-
12057,6.79%, 44.19%, 50.99%,-
12059,77.49%, 87.46%, 9.97%,-
12061,24.24%, 60.20%, 35.96%,-
12063,37.15%, 67.38%, 30.23%,-
12065,5.06%, 51.11%, 46.05%,-
12067,67.17%, 82.35%, 15.19%,-
12069,23.08%, 59.95%, 36.86%,-
12071,20.21%, 58.09%, 37.88%,-
12073,24.85%, 34.98%, 59.83%,-
12075,44.48%, 70.64%, 26.16%,-
12077,57.13%, 76.78%, 19.66%,-
12079,15.52%, 56.80%, 41.29%,-
12081,17.00%, 56.40%, 39.40%,-
12083,26.03%, 61.30%, 35.27%,-
12085,26.57%, 61.41%, 34.84%,-
12086,29.39%, 33.83%, 63.22%,-
12087,6.82%, 50.97%, 44.14%,-
12089,49.79%, 72.92%, 23.13%,-
12091,47.13%, 70.42%, 23.29%,-
12093,39.22%, 67.99%, 28.77%,-
12095,24.40%, 35.37%, 59.77%,-
12097,24.85%, 35.56%, 60.41%,-
12099,15.35%, 40.89%, 56.24%,-
12101,21.36%, 58.41%, 37.06%,-
12103,1.11%, 48.08%, 46.98%,-
12105,13.94%, 54.86%, 40.92%,-
12107,36.17%, 66.48%, 30.31%,-
12109,33.07%, 64.34%, 31.27%,-
12111,2.40%, 49.50%, 47.10%,-
12113,52.86%, 73.68%, 20.82%,-
12115,11.48%, 53.79%, 42.30%,-
12117,1.55%, 48.10%, 46.55%,-
12119,38.96%, 68.27%, 29.31%,-
12121,54.95%, 76.05%, 21.10%,-
12123,51.11%, 74.13%, 23.02%,-
12125,62.11%, 79.83%, 17.72%,-
12127,12.88%, 54.32%, 41.44%,-
12129,39.91%, 68.07%, 28.15%,-
12131,55.70%, 75.98%, 20.28%,-
12133,56.85%, 77.04%, 20.19%,-
13001,57.90%, 78.35%, 20.45%,-
13003,45.25%, 71.95%, 26.70%,-
13005,68.56%, 83.68%, 15.12%,-
13007,8.68%, 53.82%, 45.14%,-
13009,1.69%, 47.76%, 49.45%,-
13011,78.14%, 87.94%, 9.81%,-
13013,49.99%, 72.63%, 22.64%,-
13015,54.61%, 75.28%, 20.67%,-
13017,27.59%, 62.99%, 35.39%,-
13019,66.39%, 82.28%, 15.89%,-
13021,20.36%, 38.41%, 58.77%,-
13023,52.63%, 74.77%, 22.14%,-
13025,78.53%, 88.35%, 9.82%,-
13027,18.51%, 58.41%, 39.90%,-
13029,42.94%, 69.39%, 26.45%,-
13031,23.05%, 59.63%, 36.58%,-
13033,2.57%, 48.03%, 50.59%,-
13035,43.63%, 70.60%, 26.97%,-
13037,17.23%, 40.99%, 58.22%,-
13039,33.46%, 64.56%, 31.10%,-
13043,43.53%, 70.79%, 27.27%,-
13045,39.51%, 67.54%, 28.03%,-
13047,59.78%, 77.49%, 17.71%,-
13049,48.48%, 73.48%, 25.00%,-
13051,14.69%, 40.41%, 55.10%,-
13053,11.29%, 54.03%, 42.73%,-
13055,58.76%, 78.31%, 19.55%,-
13057,49.14%, 71.51%, 22.37%,-
13059,37.13%, 27.96%, 65.10%,-
13061,10.29%, 44.46%, 54.75%,-
13063,70.07%, 13.51%, 83.59%,-
13065,42.40%, 70.35%, 27.94%,-
13067,2.16%, 45.77%, 47.93%,-
13069,39.48%, 68.90%, 29.42%,-
13071,47.23%, 72.65%, 25.42%,-
13073,37.11%, 66.07%, 28.96%,-
13075,40.00%, 68.95%, 28.94%,-
13077,41.71%, 68.37%, 26.66%,-
13079,42.77%, 70.23%, 27.45%,-
13081,22.79%, 60.56%, 37.77%,-
13083,65.46%, 80.92%, 15.46%,-
13085,71.51%, 83.76%, 12.25%,-
13087,18.43%, 58.53%, 40.09%,-
13089,62.89%, 16.19%, 79.08%,-
13091,45.40%, 71.64%, 26.24%,-
13093,2.05%, 50.56%, 48.51%,-
13095,38.37%, 30.02%, 68.39%,-
13097,10.72%, 42.98%, 53.70%,-
13099,8.03%, 53.33%, 45.31%,-
13101,72.00%, 85.19%, 13.20%,-
13103,55.51%, 76.20%, 20.69%,-
13105,34.47%, 66.26%, 31.79%,-
13107,36.90%, 67.88%, 30.98%,-
13109,35.26%, 66.54%, 31.28%,-
13111,64.91%, 81.10%, 16.19%,-
13113,19.13%, 56.98%, 37.85%,-
13115,42.90%, 69.17%, 26.27%,-
13117,46.87%, 70.58%, 23.71%,-
13119,67.96%, 82.50%, 14.54%,-
13121,40.86%, 26.85%, 67.70%,-
13123,66.64%, 82.02%, 15.38%,-
13125,78.92%, 88.85%, 9.93%,-
13127,28.27%, 62.47%, 34.19%,-
13129,63.00%, 79.69%, 16.69%,-
13131,33.00%, 65.70%, 32.70%,-
13133,25.88%, 62.02%, 36.14%,-
13135,5.79%, 44.41%, 50.20%,-
13137,65.55%, 80.76%, 15.20%,-
13139,49.97%, 72.72%, 22.74%,-
13141,51.90%, 23.55%, 75.45%,-
13143,71.41%, 84.40%, 12.99%,-
13145,47.57%, 72.33%, 24.76%,-
13147,46.47%, 72.02%, 25.55%,-
13149,62.21%, 79.80%, 17.59%,-
13151,4.36%, 46.02%, 50.38%,-
13153,21.43%, 58.97%, 37.54%,-
13155,49.73%, 74.01%, 24.28%,-
13157,63.06%, 79.44%, 16.38%,-
13159,46.58%, 72.13%, 25.54%,-
13161,62.85%, 80.53%, 17.68%,-
13163,10.88%, 43.96%, 54.84%,-
13165,25.26%, 62.01%, 36.75%,-
13167,37.52%, 68.34%, 30.82%,-
13169,34.61%, 66.17%, 31.56%,-
13171,38.36%, 68.18%, 29.82%,-
13173,41.03%, 69.10%, 28.07%,-
13175,28.98%, 63.55%, 34.57%,-
13177,52.86%, 75.27%, 22.41%,-
13179,21.20%, 38.00%, 59.20%,-
13181,36.23%, 67.26%, 31.03%,-
13183,30.75%, 63.78%, 33.03%,-
13185,17.38%, 57.23%, 39.85%,-
13187,59.11%, 76.85%, 17.74%,-
13189,18.70%, 58.61%, 39.91%,-
13191,20.06%, 59.07%, 39.01%,-
13193,27.18%, 35.92%, 63.10%,-
13195,56.09%, 76.16%, 20.07%,-
13197,22.19%, 60.22%, 38.03%,-
13199,15.38%, 56.66%, 41.27%,-
13201,49.84%, 74.33%, 24.49%,-
13205,9.97%, 54.30%, 44.33%,-
13207,41.47%, 69.61%, 28.15%,-
13209,50.98%, 74.66%, 23.69%,-
13211,41.12%, 69.22%, 28.11%,-
13213,68.56%, 83.01%, 14.45%,-
13215,18.52%, 38.80%, 57.32%,-
13217,2.33%, 47.27%, 49.60%,-
13219,38.93%, 66.63%, 27.70%,-
13221,41.86%, 69.30%, 27.43%,-
13223,40.68%, 68.21%, 27.53%,-
13225,2.91%, 50.34%, 47.43%,-
13227,68.80%, 82.88%, 14.08%,-
13229,73.85%, 86.20%, 12.35%,-
13231,69.20%, 83.42%, 14.21%,-
13233,57.31%, 77.48%, 20.17%,-
13235,36.98%, 67.60%, 30.62%,-
13237,39.90%, 68.97%, 29.07%,-
13239,10.92%, 55.08%, 44.16%,-
13241,60.60%, 78.67%, 18.07%,-
13243,11.28%, 43.84%, 55.12%,-
13245,32.03%, 32.17%, 64.21%,-
13247,25.67%, 35.39%, 61.06%,-
13249,56.10%, 77.11%, 21.01%,-
13251,17.59%, 57.83%, 40.24%,-
13253,32.22%, 65.36%, 33.14%,-
13255,24.47%, 60.87%, 36.40%,-
13257,59.59%, 78.31%, 18.72%,-
13259,20.26%, 39.12%, 59.38%,-
13261,2.22%, 48.08%, 50.30%,-
13263,24.83%, 36.85%, 61.68%,-
13265,21.85%, 38.91%, 60.76%,-
13267,49.47%, 73.82%, 24.35%,-
13269,22.54%, 60.56%, 38.03%,-
13271,29.95%, 64.54%, 34.59%,-
13273,9.38%, 44.74%, 54.12%,-
13275,21.73%, 59.72%, 37.99%,-
13277,36.83%, 67.40%, 30.57%,-
13279,46.80%, 72.39%, 25.59%,-
13281,61.69%, 79.58%, 17.89%,-
13283,35.04%, 66.93%, 31.89%,-
13285,23.12%, 60.32%, 37.20%,-
13287,24.99%, 61.65%, 36.67%,-
13289,1.58%, 50.14%, 48.56%,-
13291,65.40%, 81.67%, 16.27%,-
13293,34.91%, 66.69%, 31.78%,-
13295,61.51%, 79.10%, 17.59%,-
13297,56.10%, 76.48%, 20.37%,-
13299,41.64%, 69.87%, 28.23%,-
13301,13.84%, 42.46%, 56.30%,-
13303,0.60%, 49.04%, 49.64%,-
13305,58.70%, 78.30%, 19.60%,-
13307,14.07%, 56.45%, 42.38%,-
13309,36.87%, 67.60%, 30.73%,-
13311,67.89%, 81.94%, 14.05%,-
13313,44.36%, 70.25%, 25.89%,-
13315,41.80%, 70.43%, 28.63%,-
13317,16.14%, 57.33%, 41.19%,-
13319,10.24%, 54.42%, 44.18%,-
13321,49.81%, 74.17%, 24.35%,-
15001,36.63%, 26.98%, 63.61%,-
15003,29.87%, 31.61%, 61.48%,-
15005,0%,-,-,-
15007,33.73%, 28.76%, 62.49%,-
15009,38.57%, 25.89%, 64.45%,-
16001,9.24%, 47.91%, 38.68%,-
16003,52.27%, 71.28%, 19.01%,-
16005,20.46%, 51.41%, 30.95%,-
16007,62.74%, 75.24%, 8.71%,-
16009,55.75%, 74.15%, 18.40%,-
16011,48.02%, 65.61%, 17.59%,-
16013,28.68%, 31.15%, 59.83%,-
16015,49.71%, 70.08%, 20.37%,-
16017,35.93%, 63.71%, 27.78%,-
16019,40.18%, 60.38%, 20.19%,-
16021,55.32%, 73.39%, 18.07%,-
16023,61.30%, 74.31%, 13.01%,-
16025,50.85%, 69.49%, 18.64%,-
16027,41.68%, 64.88%, 23.20%,-
16029,62.70%, 74.96%, 8.93%,-
16031,60.08%, 72.74%, 12.67%,-
16033,56.18%, 71.73%, 15.55%,-
16035,56.51%, 75.03%, 18.52%,-
16037,55.92%, 73.61%, 17.69%,-
16039,46.96%, 68.25%, 21.29%,-
16041,54.36%, 70.94%, 7.00%,-
16043,58.43%, 71.57%, 11.39%,-
16045,59.73%, 75.18%, 15.45%,-
16047,54.19%, 72.11%, 17.92%,-
16049,63.71%, 78.23%, 14.53%,-
16051,59.92%, 73.52%, 8.51%,-
16053,49.10%, 68.79%, 19.69%,-
16055,42.50%, 67.03%, 24.53%,-
16057,4.56%, 39.98%, 44.53%,-
16059,55.62%, 73.51%, 17.90%,-
16061,58.62%, 75.60%, 16.98%,-
16063,47.14%, 67.73%, 20.59%,-
16065,27.23%, 56.99%, 7.66%,-
16067,54.14%, 71.13%, 16.98%,-
16069,34.13%, 62.20%, 28.07%,-
16071,60.93%, 74.03%, 8.90%,-
16073,62.70%, 77.76%, 15.06%,-
16075,57.24%, 74.55%, 17.31%,-
16077,35.06%, 60.41%, 25.34%,-
16079,37.36%, 64.39%, 27.03%,-
16081,0.16%, 43.55%, 43.39%,-
16083,45.51%, 66.37%, 20.86%,-
16085,18.56%, 54.33%, 35.76%,-
16087,56.27%, 73.69%, 17.42%,-
17001,46.78%, 70.54%, 23.76%,-
17003,8.30%, 53.05%, 44.75%,-
17005,37.55%, 65.09%, 27.54%,-
17007,14.33%, 53.40%, 39.07%,-
17009,55.49%, 75.49%, 20.01%,-
17011,19.63%, 56.01%, 36.39%,-
17013,38.20%, 66.94%, 28.74%,-
17015,26.69%, 59.56%, 32.87%,-
17017,31.13%, 62.76%, 31.64%,-
17019,18.30%, 36.42%, 54.72%,-
17021,42.64%, 68.62%, 25.98%,-
17023,47.26%, 70.94%, 23.68%,-
17025,63.01%, 79.07%, 16.06%,-
17027,48.61%, 71.26%, 22.65%,-
17029,26.27%, 59.98%, 33.71%,-
17031,53.42%, 20.90%, 74.31%,-
17033,49.04%, 71.84%, 22.80%,-
17035,56.99%, 75.50%, 18.51%,-
17037,3.15%, 43.79%, 46.95%,-
17039,42.27%, 67.77%, 25.49%,-
17041,45.75%, 69.53%, 23.78%,-
17043,14.51%, 38.81%, 53.31%,-
17045,49.13%, 71.99%, 22.87%,-
17047,70.52%, 83.57%, 13.06%,-
17049,60.25%, 77.85%, 17.60%,-
17051,57.90%, 76.86%, 18.97%,-
17053,47.94%, 70.04%, 22.11%,-
17055,44.83%, 70.10%, 25.26%,-
17057,15.07%, 54.26%, 39.19%,-
17059,47.61%, 71.95%, 24.34%,-
17061,52.64%, 74.22%, 21.58%,-
17063,23.19%, 57.91%, 34.71%,-
17065,57.84%, 77.14%, 19.30%,-
17067,47.42%, 71.06%, 23.64%,-
17069,57.48%, 77.06%, 19.58%,-
17071,28.66%, 61.77%, 33.10%,-
17073,20.99%, 57.40%, 36.41%,-
17075,55.31%, 74.42%, 19.11%,-
17077,3.21%, 44.05%, 47.26%,-
17079,59.68%, 77.76%, 18.08%,-
17081,42.77%, 68.80%, 26.03%,-
17083,46.12%, 70.49%, 24.37%,-
17085,14.78%, 54.53%, 39.75%,-
17087,57.60%, 76.35%, 18.76%,-
17089,10.50%, 41.51%, 52.01%,-
17091,13.02%, 53.13%, 40.11%,-
17093,0.14%, 46.22%, 46.07%,-
17095,2.91%, 47.72%, 44.81%,-
17097,20.51%, 36.71%, 57.21%,-
17099,14.37%, 53.67%, 39.30%,-
17101,53.33%, 74.63%, 21.29%,-
17103,19.91%, 55.60%, 35.69%,-
17105,40.67%, 67.13%, 26.46%,-
17107,39.26%, 65.98%, 26.72%,-
17109,11.47%, 51.71%, 40.24%,-
17111,7.51%, 49.75%, 42.24%,-
17113,1.28%, 45.80%, 44.52%,-
17115,17.74%, 55.91%, 38.17%,-
17117,34.09%, 63.97%, 29.88%,-
17119,15.46%, 54.75%, 39.29%,-
17121,43.81%, 69.36%, 25.55%,-
17123,33.36%, 63.25%, 29.90%,-
17125,31.67%, 62.88%, 31.21%,-
17127,49.41%, 72.83%, 23.41%,-
17129,37.05%, 64.94%, 27.89%,-
17131,20.37%, 56.39%, 36.03%,-
17133,36.66%, 65.26%, 28.60%,-
17135,39.53%, 66.56%, 27.02%,-
17137,29.59%, 61.32%, 31.73%,-
17139,47.33%, 70.91%, 23.57%,-
17141,26.05%, 59.32%, 33.27%,-
17143,3.07%, 45.05%, 48.12%,-
17145,44.59%, 69.57%, 24.99%,-
17147,33.01%, 62.23%, 29.21%,-
17149,57.65%, 76.41%, 18.76%,-
17151,61.00%, 78.56%, 17.56%,-
17153,26.29%, 61.76%, 35.47%,-
17155,20.09%, 57.26%, 37.17%,-
17157,46.39%, 70.61%, 24.23%,-
17159,54.32%, 75.03%, 20.71%,-
17161,8.39%, 42.74%, 51.13%,-
17163,5.67%, 44.26%, 49.93%,-
17165,50.50%, 73.26%, 22.77%,-
17167,9.19%, 50.77%, 41.58%,-
17169,37.85%, 65.94%, 28.08%,-
17171,54.87%, 75.38%, 20.51%,-
17173,54.09%, 74.92%, 20.83%,-
17175,37.80%, 65.44%, 27.64%,-
17177,16.30%, 54.49%, 38.19%,-
17179,28.19%, 60.54%, 32.36%,-
17181,39.32%, 67.20%, 27.88%,-
17183,29.60%, 62.44%, 32.84%,-
17185,53.35%, 74.56%, 21.20%,-
17187,16.50%, 54.76%, 38.26%,-
17189,55.43%, 74.90%, 19.47%,-
17191,71.30%, 83.93%, 12.62%,-
17193,57.65%, 76.90%, 19.25%,-
17195,6.18%, 49.31%, 43.14%,-
17197,6.31%, 43.63%, 49.95%,-
17199,41.07%, 68.21%, 27.14%,-
17201,0.07%, 46.36%, 46.43%,-
17203,40.87%, 66.51%, 25.64%,-
18001,51.86%, 73.12%, 21.26%,-
18003,19.21%, 56.47%, 37.26%,-
18005,33.01%, 63.09%, 30.08%,-
18007,46.61%, 69.93%, 23.32%,-
18009,43.54%, 69.23%, 25.69%,-
18011,29.11%, 60.41%, 31.29%,-
18013,31.44%, 63.13%, 31.69%,-
18015,50.69%, 72.58%, 21.89%,-
18017,41.82%, 68.27%, 26.46%,-
18019,21.68%, 57.99%, 36.32%,-
18021,54.92%, 75.26%, 20.34%,-
18023,47.86%, 71.47%, 23.62%,-
18025,36.84%, 65.64%, 28.80%,-
18027,62.34%, 78.98%, 16.64%,-
18029,55.15%, 75.51%, 20.36%,-
18031,56.98%, 75.95%, 18.97%,-
18033,47.99%, 71.32%, 23.32%,-
18035,13.43%, 53.32%, 39.89%,-
18037,39.69%, 66.51%, 26.82%,-
18039,31.90%, 63.21%, 31.31%,-
18041,48.13%, 71.76%, 23.63%,-
18043,19.78%, 56.64%, 36.85%,-
18045,55.55%, 75.14%, 19.59%,-
18047,60.84%, 78.72%, 17.88%,-
18049,48.00%, 71.23%, 23.23%,-
18051,47.53%, 71.56%, 24.03%,-
18053,39.10%, 66.51%, 27.41%,-
18055,53.01%, 74.14%, 21.13%,-
18057,19.33%, 56.04%, 36.72%,-
18059,44.31%, 68.70%, 24.40%,-
18061,43.97%, 69.74%, 25.77%,-
18063,33.78%, 63.45%, 29.67%,-
18065,43.52%, 68.94%, 25.42%,-
18067,33.37%, 63.40%, 30.03%,-
18069,50.32%, 71.99%, 21.67%,-
18071,51.03%, 72.79%, 21.75%,-
18073,45.25%, 70.13%, 24.88%,-
18075,47.68%, 71.34%, 23.65%,-
18077,30.91%, 62.59%, 31.69%,-
18079,52.56%, 73.76%, 21.20%,-
18081,41.91%, 67.70%, 25.79%,-
18083,47.08%, 71.39%, 24.31%,-
18085,54.32%, 73.78%, 19.46%,-
18087,51.69%, 73.44%, 21.74%,-
18089,20.37%, 37.29%, 57.66%,-
18091,6.33%, 49.74%, 43.41%,-
18093,51.30%, 73.28%, 21.98%,-
18095,25.34%, 59.54%, 34.20%,-
18097,22.50%, 35.53%, 58.03%,-
18099,41.06%, 67.36%, 26.30%,-
18101,58.56%, 76.88%, 18.32%,-
18103,53.47%, 73.99%, 20.52%,-
18105,23.31%, 35.23%, 58.53%,-
18107,50.79%, 72.97%, 22.18%,-
18109,56.08%, 75.28%, 19.21%,-
18111,46.13%, 70.35%, 24.23%,-
18113,48.49%, 71.32%, 22.83%,-
18115,49.02%, 72.51%, 23.49%,-
18117,45.84%, 70.84%, 25.00%,-
18119,49.16%, 71.91%, 22.74%,-
18121,51.57%, 73.28%, 21.71%,-
18123,18.55%, 56.56%, 38.01%,-
18125,51.88%, 73.58%, 21.70%,-
18127,6.59%, 49.62%, 43.03%,-
18129,39.17%, 67.41%, 28.24%,-
18131,46.29%, 70.60%, 24.31%,-
18133,49.48%, 72.29%, 22.81%,-
18135,48.19%, 71.43%, 23.24%,-
18137,56.71%, 75.81%, 19.10%,-
18139,52.22%, 73.36%, 21.14%,-
18141,0.21%, 46.51%, 46.72%,-
18143,37.71%, 66.74%, 29.03%,-
18145,47.08%, 70.68%, 23.60%,-
18147,37.19%, 65.86%, 28.67%,-
18149,41.63%, 68.34%, 26.72%,-
18151,43.86%, 69.57%, 25.70%,-
18153,47.03%, 71.71%, 24.69%,-
18155,44.01%, 69.15%, 25.14%,-
18157,5.50%, 48.58%, 43.07%,-
18159,53.29%, 74.42%, 21.13%,-
18161,52.57%, 74.29%, 21.73%,-
18163,16.31%, 55.19%, 38.89%,-
18165,34.88%, 64.72%, 29.84%,-
18167,14.97%, 54.67%, 39.70%,-
18169,50.20%, 72.47%, 22.27%,-
18171,52.39%, 73.74%, 21.35%,-
18173,33.49%, 63.84%, 30.35%,-
18175,48.96%, 72.12%, 23.16%,-
18177,30.13%, 62.66%, 32.53%,-
18179,55.84%, 75.30%, 19.46%,-
18181,42.62%, 68.27%, 25.65%,-
18183,50.63%, 72.07%, 21.44%,-
19001,34.85%, 64.58%, 29.73%,-
19003,39.41%, 66.24%, 26.83%,-
19005,24.15%, 59.12%, 34.97%,-
19007,36.16%, 65.73%, 29.56%,-
19009,30.95%, 62.60%, 31.65%,-
19011,25.67%, 59.46%, 33.79%,-
19013,7.39%, 42.66%, 50.05%,-
19015,13.69%, 52.72%, 39.03%,-
19017,13.68%, 53.24%, 39.56%,-
19019,15.02%, 53.75%, 38.72%,-
19021,24.73%, 59.23%, 34.50%,-
19023,36.79%, 65.50%, 28.71%,-
19025,40.12%, 67.22%, 27.10%,-
19027,31.57%, 62.96%, 31.38%,-
19029,39.44%, 66.82%, 27.38%,-
19031,17.78%, 55.50%, 37.72%,-
19033,7.66%, 50.60%, 42.94%,-
19035,40.16%, 66.99%, 26.83%,-
19037,22.94%, 58.15%, 35.21%,-
19039,28.02%, 60.91%, 32.89%,-
19041,42.10%, 68.20%, 26.10%,-
19043,22.78%, 58.24%, 35.46%,-
19045,5.12%, 48.88%, 43.76%,-
19047,37.87%, 66.58%, 28.71%,-
19049,9.51%, 50.56%, 41.05%,-
19051,44.98%, 70.14%, 25.17%,-
19053,29.33%, 61.49%, 32.16%,-
19055,29.62%, 61.62%, 32.00%,-
19057,6.89%, 49.88%, 42.99%,-
19059,35.71%, 65.22%, 29.52%,-
19061,1.23%, 47.18%, 45.96%,-
19063,37.18%, 65.73%, 28.55%,-
19065,19.36%, 56.34%, 36.98%,-
19067,14.84%, 54.28%, 39.44%,-
19069,33.62%, 63.67%, 30.05%,-
19071,40.17%, 66.95%, 26.79%,-
19073,23.42%, 58.49%, 35.08%,-
19075,38.87%, 65.88%, 27.01%,-
19077,32.97%, 63.10%, 30.12%,-
19079,22.58%, 58.01%, 35.43%,-
19081,40.71%, 67.74%, 27.03%,-
19083,28.91%, 61.57%, 32.66%,-
19085,37.12%, 65.67%, 28.55%,-
19087,30.57%, 61.45%, 30.88%,-
19089,20.49%, 57.27%, 36.78%,-
19091,45.53%, 70.14%, 24.61%,-
19093,51.58%, 73.50%, 21.93%,-
19095,23.82%, 58.46%, 34.64%,-
19097,19.27%, 56.49%, 37.22%,-
19099,18.13%, 55.48%, 37.35%,-
19101,0.47%, 45.95%, 45.49%,-
19103,37.89%, 27.35%, 65.25%,-
19105,19.08%, 56.45%, 37.37%,-
19107,41.08%, 68.00%, 26.92%,-
19109,36.13%, 65.68%, 29.55%,-
19111,16.02%, 54.50%, 38.48%,-
19113,9.01%, 41.32%, 50.33%,-
19115,28.37%, 61.28%, 32.91%,-
19117,37.62%, 66.08%, 28.46%,-
19119,66.99%, 81.42%, 14.43%,-
19121,31.06%, 62.07%, 31.01%,-
19123,45.27%, 69.90%, 24.63%,-
19125,30.76%, 61.53%, 30.77%,-
19127,8.31%, 50.87%, 42.56%,-
19129,38.67%, 65.82%, 27.15%,-
19131,24.04%, 58.89%, 34.85%,-
19133,40.97%, 68.24%, 27.27%,-
19135,40.93%, 68.25%, 27.32%,-
19137,42.07%, 68.12%, 26.05%,-
19139,6.26%, 49.32%, 43.06%,-
19141,59.91%, 77.67%, 17.76%,-
19143,61.59%, 78.77%, 17.18%,-
19145,43.81%, 69.46%, 25.65%,-
19147,35.79%, 65.51%, 29.73%,-
19149,51.52%, 73.39%, 21.87%,-
19151,44.99%, 69.91%, 24.92%,-
19153,11.36%, 40.38%, 51.74%,-
19155,21.30%, 57.28%, 35.98%,-
19157,6.53%, 50.30%, 43.77%,-
19159,39.56%, 67.38%, 27.82%,-
19161,46.68%, 71.05%, 24.37%,-
19163,1.50%, 45.41%, 46.90%,-
19165,42.39%, 68.48%, 26.09%,-
19167,68.62%, 81.26%, 12.64%,-
19169,12.34%, 38.40%, 50.74%,-
19171,20.28%, 56.80%, 36.52%,-
19173,44.67%, 69.69%, 25.02%,-
19175,27.49%, 60.44%, 32.96%,-
19177,47.23%, 70.96%, 23.73%,-
19179,20.60%, 57.53%, 36.93%,-
19181,16.13%, 54.26%, 38.14%,-
19183,20.40%, 56.48%, 36.08%,-
19185,45.92%, 70.37%, 24.46%,-
19187,21.52%, 57.69%, 36.17%,-
19189,26.20%, 59.56%, 33.37%,-
19191,0.79%, 47.03%, 46.24%,-
19193,19.48%, 56.56%, 37.08%,-
19195,21.68%, 57.62%, 35.94%,-
19197,31.60%, 63.06%, 31.46%,-
20001,40.97%, 67.28%, 26.31%,-
20003,52.52%, 72.81%, 20.29%,-
20005,31.77%, 62.21%, 30.44%,-
20007,69.76%, 82.48%, 12.72%,-
20009,58.30%, 76.18%, 17.88%,-
20011,50.83%, 72.90%, 22.07%,-
20013,50.78%, 72.25%, 21.46%,-
20015,45.52%, 69.47%, 23.94%,-
20017,48.51%, 71.83%, 23.32%,-
20019,71.33%, 84.12%, 12.79%,-
20021,48.39%, 71.75%, 23.36%,-
20023,69.84%, 83.18%, 13.34%,-
20025,70.70%, 82.71%, 12.00%,-
20027,58.12%, 75.96%, 17.84%,-
20029,55.13%, 74.55%, 19.42%,-
20031,57.32%, 75.47%, 18.15%,-
20033,70.36%, 82.26%, 11.90%,-
20035,37.63%, 65.86%, 28.23%,-
20037,23.12%, 58.28%, 35.16%,-
20039,71.37%, 83.56%, 12.19%,-
20041,53.98%, 73.74%, 19.76%,-
20043,59.92%, 77.27%, 17.35%,-
20045,33.10%, 29.45%, 62.56%,-
20047,63.07%, 78.98%, 15.90%,-
20049,70.53%, 83.24%, 12.71%,-
20051,48.39%, 71.28%, 22.89%,-
20053,54.00%, 73.61%, 19.61%,-
20055,32.36%, 63.25%, 30.89%,-
20057,39.89%, 67.26%, 27.37%,-
20059,39.37%, 65.91%, 26.54%,-
20061,21.70%, 57.74%, 36.04%,-
20063,73.64%, 84.86%, 11.22%,-
20065,65.45%, 80.08%, 14.62%,-
20067,57.46%, 75.94%, 18.48%,-
20069,69.32%, 82.10%, 12.78%,-
20071,68.86%, 81.85%, 12.99%,-
20073,59.12%, 76.34%, 17.22%,-
20075,68.00%, 81.46%, 13.46%,-
20077,62.16%, 77.60%, 15.44%,-
20079,24.05%, 58.48%, 34.43%,-
20081,60.23%, 77.77%, 17.54%,-
20083,71.67%, 84.00%, 12.33%,-
20085,41.89%, 67.89%, 26.00%,-
20087,32.25%, 62.72%, 30.46%,-
20089,69.05%, 81.19%, 12.14%,-
20091,2.60%, 46.73%, 44.14%,-
20093,62.19%, 79.09%, 16.91%,-
20095,58.31%, 76.41%, 18.10%,-
20097,72.73%, 83.58%, 10.85%,-
20099,37.86%, 66.07%, 28.21%,-
20101,69.80%, 82.31%, 12.52%,-
20103,24.25%, 57.57%, 33.32%,-
20105,65.88%, 80.66%, 14.78%,-
20107,61.35%, 78.01%, 16.66%,-
20109,72.33%, 83.38%, 11.05%,-
20111,15.26%, 52.53%, 37.28%,-
20113,41.98%, 67.56%, 25.58%,-
20115,50.34%, 71.88%, 21.54%,-
20117,47.84%, 70.99%, 23.15%,-
20119,69.57%, 81.67%, 12.10%,-
20121,40.04%, 66.88%, 26.84%,-
20123,61.86%, 78.47%, 16.61%,-
20125,50.84%, 72.84%, 22.00%,-
20127,46.88%, 69.70%, 22.82%,-
20129,71.12%, 83.62%, 12.50%,-
20131,66.71%, 80.92%, 14.21%,-
20133,46.76%, 70.56%, 23.80%,-
20135,73.59%, 84.74%, 11.15%,-
20137,69.91%, 82.56%, 12.65%,-
20139,43.27%, 68.36%, 25.09%,-
20141,68.80%, 81.97%, 13.18%,-
20143,64.10%, 78.89%, 14.79%,-
20145,50.15%, 71.94%, 21.79%,-
20147,72.92%, 84.26%, 11.34%,-
20149,50.78%, 71.93%, 21.15%,-
20151,53.99%, 74.20%, 20.20%,-
20153,72.44%, 83.49%, 11.05%,-
20155,35.36%, 63.23%, 27.87%,-
20157,65.34%, 80.23%, 14.90%,-
20159,55.62%, 74.35%, 18.73%,-
20161,3.89%, 46.21%, 42.32%,-
20163,72.58%, 84.06%, 11.48%,-
20165,64.45%, 79.85%, 15.40%,-
20167,66.39%, 80.81%, 14.42%,-
20169,34.34%, 63.03%, 28.69%,-
20171,74.11%, 84.85%, 10.75%,-
20173,18.11%, 54.41%, 36.30%,-
20175,32.34%, 63.78%, 31.44%,-
20177,2.62%, 46.81%, 44.19%,-
20179,77.83%, 87.08%, 9.25%,-
20181,67.13%, 80.53%, 13.40%,-
20183,66.53%, 81.18%, 14.65%,-
20185,62.74%, 78.82%, 16.08%,-
20187,60.38%, 78.17%, 17.79%,-
20189,72.80%, 84.40%, 11.60%,-
20191,50.61%, 72.09%, 21.48%,-
20193,67.90%, 81.31%, 13.41%,-
20195,69.77%, 83.00%, 13.23%,-
20197,47.46%, 70.60%, 23.14%,-
20199,85.49%, 91.27%, 5.78%,-
20201,65.67%, 79.79%, 14.12%,-
20203,67.02%, 81.91%, 14.88%,-
20205,63.10%, 78.89%, 15.80%,-
20207,55.85%, 74.86%, 19.01%,-
20209,29.12%, 32.10%, 61.22%,-
21001,64.55%, 80.61%, 16.07%,-
21003,63.20%, 79.87%, 16.66%,-
21005,49.10%, 72.16%, 23.06%,-
21007,57.18%, 77.08%, 19.90%,-
21009,49.81%, 72.93%, 23.12%,-
21011,37.52%, 67.19%, 29.67%,-
21013,62.19%, 79.89%, 17.70%,-
21015,41.75%, 67.83%, 26.08%,-
21017,31.56%, 63.26%, 31.71%,-
21019,37.01%, 66.45%, 29.44%,-
21021,29.04%, 62.10%, 33.07%,-
21023,56.88%, 76.86%, 19.99%,-
21025,42.77%, 69.55%, 26.79%,-
21027,51.56%, 73.90%, 22.34%,-
21029,49.78%, 72.67%, 22.89%,-
21031,62.43%, 79.41%, 16.98%,-
21033,54.34%, 75.43%, 21.09%,-
21035,35.01%, 64.60%, 29.59%,-
21037,24.45%, 58.93%, 34.48%,-
21039,63.90%, 80.51%, 16.61%,-
21041,38.44%, 67.13%, 28.69%,-
21043,51.67%, 73.82%, 22.14%,-
21045,73.23%, 85.14%, 11.91%,-
21047,31.34%, 63.89%, 32.55%,-
21049,37.05%, 66.09%, 29.04%,-
21051,75.50%, 86.61%, 11.11%,-
21053,73.11%, 85.37%, 12.26%,-
21055,66.21%, 81.50%, 15.28%,-
21057,66.63%, 81.60%, 14.97%,-
21059,32.19%, 63.11%, 30.92%,-
21061,60.18%, 78.85%, 18.67%,-
21063,44.13%, 70.05%, 25.92%,-
21065,56.41%, 76.39%, 19.98%,-
21067,9.45%, 41.74%, 51.19%,-
21069,53.90%, 75.43%, 21.53%,-
21071,48.23%, 72.51%, 24.27%,-
21073,4.62%, 49.52%, 44.91%,-
21075,32.54%, 65.03%, 32.49%,-
21077,50.75%, 73.19%, 22.44%,-
21079,58.39%, 77.45%, 19.06%,-
21081,56.05%, 76.03%, 19.98%,-
21083,56.38%, 76.30%, 19.92%,-
21085,59.19%, 77.71%, 18.52%,-
21087,66.38%, 81.98%, 15.60%,-
21089,45.46%, 70.93%, 25.47%,-
21091,35.95%, 64.91%, 28.96%,-
21093,30.19%, 62.50%, 32.31%,-
21095,72.11%, 84.87%, 12.75%,-
21097,43.75%, 69.85%, 26.10%,-
21099,49.42%, 73.24%, 23.82%,-
21101,27.66%, 61.69%, 34.03%,-
21103,43.59%, 69.16%, 25.57%,-
21105,56.00%, 76.82%, 20.82%,-
21107,53.91%, 75.09%, 21.18%,-
21109,80.11%, 88.87%, 8.76%,-
21111,13.33%, 40.72%, 54.05%,-
21113,40.00%, 66.34%, 26.34%,-
21115,70.97%, 84.03%, 13.06%,-
21117,26.03%, 59.67%, 33.63%,-
21119,54.00%, 75.60%, 21.60%,-
21121,67.63%, 82.29%, 14.66%,-
21123,55.30%, 75.37%, 20.07%,-
21125,69.07%, 82.92%, 13.85%,-
21127,62.41%, 79.71%, 17.30%,-
21129,64.00%, 80.65%, 16.65%,-
21131,80.48%, 89.38%, 8.90%,-
21133,62.96%, 79.84%, 16.88%,-
21135,67.53%, 82.35%, 14.82%,-
21137,57.24%, 76.75%, 19.51%,-
21139,57.76%, 76.86%, 19.10%,-
21141,46.09%, 71.36%, 25.28%,-
21143,44.02%, 70.39%, 26.38%,-
21145,37.18%, 66.36%, 29.18%,-
21147,75.28%, 86.77%, 11.50%,-
21149,52.41%, 74.05%, 21.64%,-
21151,31.14%, 62.70%, 31.56%,-
21153,51.84%, 74.75%, 22.91%,-
21155,30.12%, 63.15%, 33.03%,-
21157,51.80%, 73.79%, 21.99%,-
21159,79.43%, 88.62%, 9.18%,-
21161,41.20%, 68.49%, 27.29%,-
21163,46.06%, 70.80%, 24.74%,-
21165,47.14%, 72.33%, 25.19%,-
21167,50.50%, 73.12%, 22.63%,-
21169,54.44%, 75.56%, 21.13%,-
21171,73.67%, 85.71%, 12.04%,-
21173,41.02%, 68.60%, 27.58%,-
21175,54.91%, 75.98%, 21.07%,-
21177,46.87%, 71.92%, 25.05%,-
21179,33.64%, 64.57%, 30.93%,-
21181,41.18%, 68.88%, 27.70%,-
21183,56.38%, 76.38%, 20.00%,-
21185,31.05%, 62.30%, 31.25%,-
21187,53.65%, 74.89%, 21.24%,-
21189,69.24%, 83.80%, 14.55%,-
21191,57.27%, 76.64%, 19.38%,-
21193,56.96%, 77.17%, 20.20%,-
21195,62.71%, 80.06%, 17.35%,-
21197,45.21%, 70.87%, 25.66%,-
21199,66.67%, 81.67%, 15.01%,-
21201,53.01%, 74.93%, 21.92%,-
21203,70.15%, 83.83%, 13.68%,-
21205,21.24%, 58.48%, 37.24%,-
21207,70.59%, 83.96%, 13.37%,-
21209,30.32%, 62.20%, 31.88%,-
21211,33.62%, 64.12%, 30.50%,-
21213,38.95%, 67.41%, 28.47%,-
21215,55.44%, 75.63%, 20.19%,-
21217,51.01%, 73.59%, 22.58%,-
21219,53.78%, 75.58%, 21.80%,-
21221,49.53%, 73.04%, 23.51%,-
21223,49.82%, 72.96%, 23.14%,-
21225,54.26%, 75.69%, 21.43%,-
21227,24.16%, 59.18%, 35.01%,-
21229,46.01%, 71.20%, 25.20%,-
21231,61.81%, 79.72%, 17.91%,-
21233,54.38%, 75.75%, 21.36%,-
21235,67.12%, 82.13%, 15.01%,-
21237,39.89%, 68.46%, 28.58%,-
21239,20.19%, 56.75%, 36.56%,-
22001,56.68%, 77.26%, 20.58%,-
22003,51.50%, 74.28%, 22.78%,-
22005,35.97%, 66.10%, 30.13%,-
22007,25.52%, 61.57%, 36.05%,-
22009,36.96%, 67.32%, 30.36%,-
22011,65.29%, 81.16%, 15.87%,-
22013,8.95%, 53.62%, 44.67%,-
22015,45.81%, 71.16%, 25.36%,-
22017,4.23%, 46.32%, 50.55%,-
22019,33.29%, 64.68%, 31.39%,-
22021,64.66%, 81.46%, 16.79%,-
22023,79.44%, 88.19%, 8.75%,-
22025,44.42%, 71.64%, 27.22%,-
22027,13.52%, 55.83%, 42.31%,-
22029,24.85%, 61.73%, 36.88%,-
22031,21.50%, 59.76%, 38.26%,-
22033,9.25%, 43.09%, 52.33%,-
22035,26.51%, 36.03%, 62.54%,-
22037,13.28%, 55.46%, 42.17%,-
22039,41.34%, 69.61%, 28.28%,-
22041,43.75%, 71.10%, 27.35%,-
22043,70.59%, 83.98%, 13.39%,-
22045,31.44%, 64.41%, 32.96%,-
22047,6.26%, 45.63%, 51.89%,-
22049,40.59%, 69.25%, 28.66%,-
22051,14.71%, 55.27%, 40.56%,-
22053,53.90%, 75.47%, 21.57%,-
22055,33.59%, 64.58%, 30.99%,-
22057,56.52%, 76.74%, 20.23%,-
22059,79.63%, 88.84%, 9.21%,-
22061,19.57%, 57.64%, 38.07%,-
22063,72.53%, 84.57%, 12.04%,-
22065,17.27%, 40.72%, 57.99%,-
22067,11.37%, 54.86%, 43.49%,-
22069,10.97%, 53.96%, 42.98%,-
22071,66.16%, 14.65%, 80.81%,-
22073,25.44%, 61.36%, 35.91%,-
22075,33.60%, 65.26%, 31.66%,-
22077,17.22%, 57.72%, 40.51%,-
22079,32.53%, 64.77%, 32.23%,-
22081,10.24%, 54.07%, 43.83%,-
22083,32.61%, 65.51%, 32.90%,-
22085,63.10%, 80.50%, 17.40%,-
22087,33.37%, 64.73%, 31.36%,-
22089,30.78%, 63.46%, 32.68%,-
22091,14.35%, 41.87%, 56.22%,-
22093,7.96%, 45.15%, 53.11%,-
22095,24.55%, 36.49%, 61.04%,-
22097,11.91%, 54.96%, 43.05%,-
22099,33.43%, 65.53%, 32.10%,-
22101,27.58%, 62.77%, 35.19%,-
22103,50.81%, 73.09%, 22.28%,-
22105,32.59%, 64.79%, 32.20%,-
22107,5.89%, 46.39%, 52.28%,-
22109,48.38%, 72.68%, 24.30%,-
22111,48.48%, 73.18%, 24.70%,-
22113,59.32%, 78.27%, 18.95%,-
22115,64.97%, 80.99%, 16.02%,-
22117,36.85%, 67.40%, 30.56%,-
22119,29.11%, 63.61%, 34.50%,-
22121,12.15%, 54.49%, 42.35%,-
22123,68.40%, 83.42%, 15.02%,-
22125,19.69%, 58.46%, 38.77%,-
22127,46.52%, 72.32%, 25.80%,-
23001,9.38%, 50.77%, 41.38%,-
23003,17.19%, 55.33%, 38.14%,-
23005,26.35%, 33.59%, 59.94%,-
23007,5.47%, 48.02%, 42.55%,-
23009,7.51%, 42.65%, 50.16%,-
23011,3.58%, 47.84%, 44.26%,-
23013,14.24%, 39.52%, 53.76%,-
23015,2.39%, 45.24%, 47.63%,-
23017,12.94%, 51.95%, 39.01%,-
23019,10.91%, 51.68%, 40.77%,-
23021,25.14%, 58.88%, 33.74%,-
23023,6.29%, 43.04%, 49.33%,-
23025,22.67%, 57.55%, 34.88%,-
23027,0.27%, 45.70%, 45.98%,-
23029,18.44%, 55.56%, 37.12%,-
23031,4.76%, 44.11%, 48.87%,-
24001,43.70%, 69.39%, 25.69%,-
24003,2.23%, 45.32%, 47.55%,-
24005,17.64%, 38.26%, 55.91%,-
24009,16.77%, 55.21%, 38.44%,-
24011,37.97%, 66.38%, 28.41%,-
24013,34.46%, 63.38%, 28.92%,-
24015,33.62%, 63.77%, 30.15%,-
24017,30.30%, 32.71%, 63.01%,-
24019,14.24%, 55.26%, 41.02%,-
24021,2.39%, 47.36%, 44.97%,-
24023,58.59%, 76.91%, 18.32%,-
24025,23.03%, 58.25%, 35.22%,-
24027,33.98%, 29.28%, 63.26%,-
24029,3.00%, 48.66%, 45.65%,-
24031,55.37%, 19.36%, 74.72%,-
24033,79.73%, 8.40%, 88.13%,-
24035,34.01%, 64.07%, 30.06%,-
24037,22.33%, 57.51%, 35.18%,-
24039,11.57%, 53.95%, 42.38%,-
24041,10.08%, 52.18%, 42.10%,-
24043,30.11%, 62.13%, 32.02%,-
24045,9.75%, 52.17%, 42.42%,-
24047,26.37%, 60.87%, 34.50%,-
24510,74.13%, 10.53%, 84.66%,-
25001,13.50%, 39.84%, 53.34%,-
25003,40.96%, 25.66%, 66.62%,-
25005,9.56%, 41.82%, 51.38%,-
25007,50.74%, 21.22%, 71.95%,-
25009,22.31%, 35.37%, 57.69%,-
25011,36.36%, 26.70%, 63.05%,-
25013,16.45%, 38.18%, 54.63%,-
25015,39.88%, 25.88%, 65.76%,-
25017,37.72%, 27.59%, 65.31%,-
25019,34.63%, 29.07%, 63.71%,-
25021,27.77%, 32.56%, 60.33%,-
25023,7.43%, 42.54%, 49.97%,-
25025,62.35%, 16.09%, 78.44%,-
25027,10.54%, 40.44%, 50.98%,-
26001,39.84%, 67.78%, 27.94%,-
26003,20.41%, 57.22%, 36.81%,-
26005,28.75%, 60.91%, 32.16%,-
26007,28.53%, 61.55%, 33.02%,-
26009,29.42%, 61.97%, 32.55%,-
26011,33.20%, 64.04%, 30.84%,-
26013,28.48%, 61.34%, 32.86%,-
26015,33.06%, 62.92%, 29.87%,-
26017,12.62%, 53.47%, 40.85%,-
26019,13.99%, 54.16%, 40.16%,-
26021,12.71%, 53.65%, 40.95%,-
26023,38.07%, 66.73%, 28.65%,-
26025,12.46%, 53.47%, 41.01%,-
26027,30.86%, 63.04%, 32.18%,-
26029,24.14%, 59.19%, 35.06%,-
26031,32.04%, 63.51%, 31.47%,-
26033,24.07%, 58.65%, 34.59%,-
26035,31.65%, 63.24%, 31.59%,-
26037,12.65%, 53.22%, 40.57%,-
26039,32.79%, 63.62%, 30.83%,-
26041,25.20%, 59.81%, 34.61%,-
26043,35.37%, 65.17%, 29.80%,-
26045,4.72%, 48.80%, 44.08%,-
26047,19.19%, 55.89%, 36.71%,-
26049,9.40%, 42.59%, 51.99%,-
26051,34.52%, 64.77%, 30.25%,-
26053,14.80%, 54.42%, 39.62%,-
26055,12.40%, 52.73%, 40.33%,-
26057,25.59%, 60.01%, 34.41%,-
26059,46.62%, 70.69%, 24.07%,-
26061,15.59%, 53.77%, 38.18%,-
26063,38.34%, 67.06%, 28.72%,-
26065,26.67%, 33.20%, 59.87%,-
26067,30.63%, 61.52%, 30.89%,-
26069,29.79%, 62.14%, 32.36%,-
26071,28.27%, 62.18%, 33.91%,-
26073,3.66%, 48.31%, 44.65%,-
26075,19.96%, 56.75%, 36.78%,-
26077,12.76%, 40.41%, 53.17%,-
26079,43.43%, 69.24%, 25.81%,-
26081,3.05%, 47.66%, 44.61%,-
26083,20.01%, 56.76%, 36.75%,-
26085,22.77%, 58.96%, 36.19%,-
26087,38.30%, 66.48%, 28.18%,-
26089,3.12%, 48.61%, 45.49%,-
26091,20.91%, 57.09%, 36.18%,-
26093,29.39%, 61.68%, 32.29%,-
26095,41.49%, 67.77%, 26.28%,-
26097,27.00%, 60.94%, 33.94%,-
26099,11.53%, 53.58%, 42.05%,-
26101,15.29%, 54.62%, 39.33%,-
26103,4.20%, 44.09%, 48.29%,-
26105,21.80%, 57.50%, 35.70%,-
26107,26.08%, 60.02%, 33.94%,-
26109,29.22%, 61.92%, 32.70%,-
26111,19.20%, 55.75%, 36.55%,-
26113,52.22%, 73.61%, 21.39%,-
26115,21.97%, 57.95%, 35.98%,-
26117,33.76%, 63.18%, 29.42%,-
26119,44.14%, 69.83%, 25.69%,-
26121,1.51%, 46.26%, 47.77%,-
26123,39.58%, 67.02%, 27.44%,-
26125,8.05%, 43.23%, 51.29%,-
26127,27.28%, 60.59%, 33.30%,-
26129,36.37%, 65.39%, 29.02%,-
26131,25.98%, 60.30%, 34.33%,-
26133,43.65%, 69.15%, 25.50%,-
26135,43.96%, 69.48%, 25.51%,-
26137,37.35%, 65.55%, 28.20%,-
26139,30.24%, 61.50%, 31.26%,-
26141,28.77%, 61.84%, 33.07%,-
26143,29.43%, 62.16%, 32.74%,-
26145,1.13%, 47.97%, 46.84%,-
26147,31.41%, 62.88%, 31.48%,-
26149,30.70%, 62.09%, 31.40%,-
26151,44.54%, 69.85%, 25.32%,-
26153,28.42%, 61.19%, 32.77%,-
26155,19.59%, 56.37%, 36.78%,-
26157,37.31%, 65.96%, 28.65%,-
26159,13.92%, 53.77%, 39.84%,-
26161,40.96%, 26.64%, 67.59%,-
26163,37.11%, 29.26%, 66.36%,-
26165,36.20%, 65.06%, 28.86%,-
27001,25.80%, 59.76%, 33.95%,-
27003,9.60%, 50.25%, 40.64%,-
27005,32.93%, 63.18%, 30.24%,-
27007,9.72%, 50.00%, 40.29%,-
27009,36.06%, 64.17%, 28.12%,-
27011,24.94%, 58.37%, 33.43%,-
27013,3.69%, 46.64%, 42.95%,-
27015,35.89%, 63.20%, 27.31%,-
27017,1.65%, 44.81%, 46.46%,-
27019,13.55%, 52.17%, 38.62%,-
27021,31.46%, 62.39%, 30.93%,-
27023,28.70%, 60.50%, 31.79%,-
27025,30.31%, 61.01%, 30.69%,-
27027,1.95%, 46.07%, 44.12%,-
27029,42.99%, 68.90%, 25.91%,-
27031,22.27%, 34.05%, 56.32%,-
27033,34.98%, 64.31%, 29.33%,-
27035,31.54%, 62.18%, 30.64%,-
27037,4.71%, 43.03%, 47.74%,-
27039,32.15%, 61.26%, 29.12%,-
27041,35.52%, 64.11%, 28.58%,-
27043,33.81%, 62.86%, 29.05%,-
27045,21.70%, 56.73%, 35.02%,-
27047,17.24%, 54.88%, 37.64%,-
27049,17.87%, 54.60%, 36.73%,-
27051,27.58%, 59.40%, 31.82%,-
27053,34.93%, 28.20%, 63.13%,-
27055,13.87%, 52.96%, 39.09%,-
27057,33.36%, 63.11%, 29.75%,-
27059,37.96%, 64.88%, 26.92%,-
27061,16.35%, 54.10%, 37.75%,-
27063,38.60%, 65.81%, 27.21%,-
27065,35.50%, 63.96%, 28.46%,-
27067,25.35%, 58.72%, 33.37%,-
27069,22.05%, 56.56%, 34.51%,-
27071,19.85%, 56.09%, 36.24%,-
27073,25.60%, 59.40%, 33.81%,-
27075,2.22%, 44.96%, 47.19%,-
27077,44.02%, 68.69%, 24.67%,-
27079,30.45%, 61.33%, 30.88%,-
27081,35.48%, 63.96%, 28.49%,-
27083,28.09%, 59.40%, 31.31%,-
27085,38.16%, 64.63%, 26.47%,-
27087,2.92%, 47.46%, 44.54%,-
27089,41.17%, 66.60%, 25.43%,-
27091,41.11%, 67.06%, 25.95%,-
27093,40.00%, 65.98%, 25.98%,-
27095,35.57%, 64.07%, 28.50%,-
27097,52.73%, 73.38%, 20.65%,-
27099,7.82%, 49.81%, 41.98%,-
27101,35.97%, 63.71%, 27.74%,-
27103,3.04%, 46.62%, 43.58%,-
27105,29.73%, 61.39%, 31.66%,-
27107,13.34%, 52.10%, 38.76%,-
27109,0.75%, 44.51%, 45.26%,-
27111,35.69%, 64.43%, 28.74%,-
27113,27.59%, 59.57%, 31.97%,-
27115,26.15%, 59.31%, 33.16%,-
27117,45.99%, 69.43%, 23.44%,-
27119,28.84%, 60.69%, 31.85%,-
27121,26.70%, 60.03%, 33.33%,-
27123,39.12%, 25.95%, 65.07%,-
27125,31.95%, 60.66%, 28.71%,-
27127,42.70%, 67.49%, 24.79%,-
27129,36.46%, 64.29%, 27.83%,-
27131,3.06%, 47.56%, 44.50%,-
27133,35.50%, 63.88%, 28.37%,-
27135,46.07%, 69.85%, 23.78%,-
27137,11.69%, 39.70%, 51.39%,-
27139,15.26%, 53.24%, 37.99%,-
27141,36.78%, 64.31%, 27.53%,-
27143,41.66%, 66.80%, 25.14%,-
27145,27.69%, 59.83%, 32.13%,-
27147,25.85%, 58.39%, 32.54%,-
27149,12.65%, 51.85%, 39.20%,-
27151,25.57%, 59.33%, 33.76%,-
27153,47.54%, 70.75%, 23.21%,-
27155,23.30%, 58.34%, 35.04%,-
27157,26.39%, 59.07%, 32.67%,-
27159,45.47%, 69.76%, 24.29%,-
27161,32.41%, 61.81%, 29.40%,-
27163,1.84%, 44.67%, 46.51%,-
27165,19.09%, 55.38%, 36.29%,-
27167,37.43%, 64.48%, 27.04%,-
27169,2.90%, 46.49%, 43.59%,-
27171,32.95%, 62.16%, 29.21%,-
27173,35.22%, 64.10%, 28.89%,-
28001,13.61%, 42.45%, 56.06%,-
28003,61.79%, 79.95%, 18.16%,-
28005,22.58%, 60.84%, 38.26%,-
28007,20.05%, 59.31%, 39.27%,-
28009,13.23%, 55.97%, 42.74%,-
28011,32.23%, 33.20%, 65.44%,-
28013,38.77%, 68.64%, 29.86%,-
28015,38.33%, 68.72%, 30.39%,-
28017,6.06%, 52.31%, 46.25%,-
28019,38.62%, 68.59%, 29.96%,-
28021,74.16%, 12.64%, 86.80%,-
28023,32.76%, 65.94%, 33.18%,-
28025,15.72%, 41.49%, 57.20%,-
28027,44.34%, 27.22%, 71.57%,-
28029,4.91%, 47.01%, 51.93%,-
28031,24.50%, 61.68%, 37.18%,-
28033,34.01%, 65.13%, 31.13%,-
28035,13.34%, 55.09%, 41.75%,-
28037,28.41%, 63.43%, 35.01%,-
28039,77.54%, 87.92%, 10.38%,-
28041,62.60%, 80.74%, 18.14%,-
28043,14.71%, 56.79%, 42.08%,-
28045,59.35%, 78.31%, 18.96%,-
28047,30.30%, 63.74%, 33.44%,-
28049,44.51%, 26.58%, 71.09%,-
28051,66.62%, 16.21%, 82.83%,-
28053,45.14%, 27.06%, 72.21%,-
28055,13.88%, 42.63%, 56.51%,-
28057,75.52%, 86.99%, 11.47%,-
28059,38.28%, 67.85%, 29.57%,-
28061,3.89%, 47.65%, 51.54%,-
28063,73.76%, 12.69%, 86.45%,-
28065,20.11%, 39.54%, 59.64%,-
28067,43.53%, 71.01%, 27.48%,-
28069,22.61%, 38.33%, 60.94%,-
28071,14.78%, 55.35%, 40.57%,-
28073,55.14%, 76.25%, 21.10%,-
28075,21.93%, 60.13%, 38.19%,-
28077,29.79%, 64.28%, 34.49%,-
28079,14.18%, 56.60%, 42.42%,-
28081,37.04%, 67.51%, 30.47%,-
28083,41.07%, 28.83%, 69.90%,-
28085,40.10%, 69.44%, 29.34%,-
28087,5.65%, 51.65%, 46.00%,-
28089,15.80%, 56.38%, 40.58%,-
28091,35.57%, 67.01%, 31.45%,-
28093,9.68%, 44.39%, 54.07%,-
28095,29.23%, 64.01%, 34.78%,-
28097,14.07%, 56.41%, 42.33%,-
28099,47.04%, 72.77%, 25.73%,-
28101,40.18%, 69.38%, 29.20%,-
28103,56.46%, 21.53%, 77.99%,-
28105,1.56%, 47.32%, 48.88%,-
28107,0.12%, 49.45%, 49.33%,-
28109,64.79%, 81.26%, 16.47%,-
28111,53.66%, 76.12%, 22.46%,-
28113,0.21%, 48.95%, 49.16%,-
28115,61.23%, 79.61%, 18.38%,-
28117,56.53%, 77.47%, 20.94%,-
28119,38.96%, 29.75%, 68.71%,-
28121,52.40%, 74.76%, 22.36%,-
28123,17.62%, 58.18%, 40.56%,-
28125,35.94%, 31.60%, 67.53%,-
28127,30.82%, 64.74%, 33.93%,-
28129,56.52%, 77.72%, 21.20%,-
28131,52.99%, 75.32%, 22.33%,-
28133,40.96%, 29.11%, 70.07%,-
28135,14.91%, 41.94%, 56.85%,-
28137,30.70%, 64.46%, 33.77%,-
28139,58.29%, 78.19%, 19.89%,-
28141,73.67%, 85.61%, 11.93%,-
28143,50.86%, 23.91%, 74.77%,-
28145,62.83%, 80.33%, 17.50%,-
28147,18.30%, 58.62%, 40.32%,-
28149,2.49%, 50.30%, 47.82%,-
28151,36.47%, 31.17%, 67.64%,-
28153,25.69%, 62.40%, 36.71%,-
28155,58.33%, 78.44%, 20.10%,-
28157,36.49%, 31.25%, 67.73%,-
28159,11.94%, 55.29%, 43.35%,-
28161,13.07%, 55.55%, 42.49%,-
28163,7.66%, 45.66%, 53.32%,-
29001,24.74%, 58.97%, 34.23%,-
29003,50.25%, 72.49%, 22.24%,-
29005,55.64%, 75.46%, 19.82%,-
29007,43.53%, 68.89%, 25.36%,-
29009,59.69%, 78.25%, 18.56%,-
29011,70.11%, 83.50%, 13.39%,-
29013,54.22%, 74.24%, 20.02%,-
29015,54.10%, 75.21%, 21.12%,-
29017,72.62%, 85.04%, 12.42%,-
29019,5.87%, 43.16%, 49.04%,-
29021,25.88%, 59.28%, 33.40%,-
29023,61.50%, 79.09%, 17.59%,-
29025,55.52%, 74.95%, 19.43%,-
29027,41.73%, 67.54%, 25.81%,-
29029,53.79%, 74.85%, 21.06%,-
29031,49.65%, 72.41%, 22.76%,-
29033,62.71%, 79.80%, 17.08%,-
29035,66.25%, 81.54%, 15.30%,-
29037,35.50%, 64.38%, 28.88%,-
29039,63.38%, 79.36%, 15.98%,-
29041,51.95%, 74.33%, 22.37%,-
29043,53.60%, 73.92%, 20.32%,-
29045,52.29%, 74.13%, 21.83%,-
29047,10.95%, 51.70%, 40.75%,-
29049,43.64%, 68.60%, 24.97%,-
29051,36.39%, 65.37%, 28.98%,-
29053,46.23%, 70.42%, 24.19%,-
29055,59.48%, 77.86%, 18.39%,-
29057,64.46%, 80.59%, 16.12%,-
29059,62.03%, 79.10%, 17.07%,-
29061,54.49%, 74.02%, 19.53%,-
29063,58.71%, 76.52%, 17.81%,-
29065,68.06%, 82.46%, 14.40%,-
29067,67.54%, 82.30%, 14.76%,-
29069,53.56%, 75.87%, 22.31%,-
29071,45.75%, 70.20%, 24.45%,-
29073,55.70%, 76.10%, 20.40%,-
29075,55.83%, 75.71%, 19.88%,-
29077,27.05%, 59.79%, 32.74%,-
29079,60.57%, 78.18%, 17.62%,-
29081,64.81%, 80.37%, 15.56%,-
29083,47.60%, 71.38%, 23.78%,-
29085,53.47%, 74.98%, 21.51%,-
29087,67.05%, 81.78%, 14.73%,-
29089,40.96%, 67.32%, 26.36%,-
29091,63.09%, 79.59%, 16.51%,-
29093,52.47%, 74.33%, 21.86%,-
29095,17.32%, 38.14%, 55.46%,-
29097,50.69%, 72.57%, 21.88%,-
29099,35.02%, 64.52%, 29.50%,-
29101,36.46%, 64.22%, 27.76%,-
29103,55.45%, 75.72%, 20.27%,-
29105,63.99%, 79.81%, 15.82%,-
29107,43.41%, 68.78%, 25.37%,-
29109,60.60%, 77.86%, 17.26%,-
29111,53.79%, 74.64%, 20.85%,-
29113,50.11%, 72.31%, 22.20%,-
29115,50.98%, 73.17%, 22.19%,-
29117,56.28%, 75.99%, 19.70%,-
29119,63.94%, 80.07%, 16.12%,-
29121,55.69%, 75.98%, 20.29%,-
29123,58.20%, 77.09%, 18.89%,-
29125,61.49%, 79.13%, 17.64%,-
29127,49.66%, 72.80%, 23.14%,-
29129,72.78%, 85.16%, 12.38%,-
29131,65.62%, 80.87%, 15.24%,-
29133,41.44%, 69.65%, 28.21%,-
29135,60.18%, 78.29%, 18.11%,-
29137,55.49%, 76.01%, 20.52%,-
29139,55.41%, 76.02%, 20.61%,-
29141,56.59%, 76.64%, 20.04%,-
29143,45.36%, 71.63%, 26.27%,-
29145,58.06%, 76.67%, 18.61%,-
29147,40.72%, 67.46%, 26.74%,-
29149,60.11%, 78.64%, 18.53%,-
29151,68.52%, 82.60%, 14.08%,-
29153,64.71%, 80.78%, 16.07%,-
29155,33.47%, 65.77%, 32.30%,-
29157,61.65%, 79.04%, 17.39%,-
29159,46.62%, 70.37%, 23.75%,-
29161,42.45%, 67.92%, 25.47%,-
29163,46.98%, 71.44%, 24.46%,-
29165,11.84%, 52.28%, 40.43%,-
29167,56.72%, 75.84%, 19.12%,-
29169,51.56%, 73.22%, 21.66%,-
29171,67.48%, 82.52%, 15.05%,-
29173,53.48%, 74.97%, 21.50%,-
29175,50.89%, 73.03%, 22.15%,-
29177,36.93%, 65.36%, 28.43%,-
29179,61.42%, 79.20%, 17.77%,-
29181,66.84%, 81.86%, 15.03%,-
29183,26.10%, 59.88%, 33.78%,-
29185,55.40%, 75.62%, 20.22%,-
29186,34.88%, 64.90%, 30.02%,-
29187,45.02%, 70.10%, 25.08%,-
29189,16.22%, 38.95%, 55.17%,-
29195,34.38%, 64.45%, 30.07%,-
29197,59.45%, 77.74%, 18.29%,-
29199,58.94%, 77.49%, 18.55%,-
29201,55.33%, 75.95%, 20.62%,-
29203,56.10%, 75.97%, 19.88%,-
29205,58.58%, 77.09%, 18.51%,-
29207,69.24%, 83.36%, 14.11%,-
29209,61.71%, 79.05%, 17.34%,-
29211,54.63%, 75.78%, 21.16%,-
29213,58.73%, 77.20%, 18.47%,-
29215,65.23%, 81.01%, 15.77%,-
29217,55.91%, 75.69%, 19.78%,-
29219,45.59%, 70.39%, 24.80%,-
29221,55.18%, 75.93%, 20.75%,-
29223,64.39%, 80.84%, 16.45%,-
29225,57.71%, 76.69%, 18.98%,-
29227,58.60%, 77.25%, 18.64%,-
29229,68.20%, 82.61%, 14.41%,-
29510,62.95%, 15.72%, 78.68%,-
30001,45.58%, 69.15%, 23.57%,-
30003,5.69%, 43.73%, 49.42%,-
30005,2.46%, 47.24%, 44.78%,-
30007,56.65%, 74.94%, 18.29%,-
30009,32.05%, 62.56%, 30.51%,-
30011,77.35%, 86.26%, 8.91%,-
30013,21.57%, 56.79%, 35.22%,-
30015,36.38%, 64.50%, 28.12%,-
30017,47.85%, 70.53%, 22.68%,-
30019,58.42%, 75.88%, 17.46%,-
30021,57.45%, 75.30%, 17.85%,-
30023,7.01%, 41.92%, 48.93%,-
30025,75.81%, 86.19%, 10.38%,-
30027,52.52%, 73.10%, 20.58%,-
30029,35.68%, 63.67%, 27.99%,-
30031,0.82%, 44.23%, 45.05%,-
30033,86.21%, 90.95%, 4.74%,-
30035,29.58%, 31.92%, 61.50%,-
30037,62.03%, 77.00%, 14.98%,-
30039,40.52%, 67.08%, 26.56%,-
30041,17.18%, 53.96%, 36.79%,-
30043,32.45%, 62.21%, 29.76%,-
30045,52.73%, 72.19%, 19.45%,-
30047,20.89%, 57.13%, 36.23%,-
30049,6.85%, 47.87%, 41.02%,-
30051,51.20%, 72.63%, 21.44%,-
30053,50.25%, 72.12%, 21.88%,-
30055,64.66%, 78.72%, 14.06%,-
30057,44.63%, 69.51%, 24.88%,-
30059,54.86%, 74.62%, 19.75%,-
30061,40.31%, 66.10%, 25.80%,-
30063,15.30%, 36.64%, 51.95%,-
30065,66.98%, 80.58%, 13.60%,-
30067,14.80%, 53.21%, 38.41%,-
30069,77.02%, 86.34%, 9.32%,-
30071,64.72%, 79.36%, 14.65%,-
30073,38.96%, 66.07%, 27.10%,-
30075,71.89%, 83.95%, 12.06%,-
30077,52.90%, 72.62%, 19.72%,-
30079,66.18%, 80.70%, 14.51%,-
30081,38.07%, 65.66%, 27.59%,-
30083,66.45%, 80.23%, 13.78%,-
30085,6.49%, 49.21%, 42.72%,-
30087,36.66%, 65.25%, 28.58%,-
30089,51.54%, 72.00%, 20.46%,-
30091,41.63%, 67.63%, 25.99%,-
30093,13.63%, 38.76%, 52.39%,-
30095,56.49%, 75.13%, 18.63%,-
30097,56.62%, 75.70%, 19.08%,-
30099,42.72%, 68.07%, 25.35%,-
30101,53.76%, 73.49%, 19.73%,-
30103,65.91%, 79.23%, 13.32%,-
30105,46.53%, 69.29%, 22.75%,-
30107,55.29%, 74.21%, 18.92%,-
30109,75.42%, 85.58%, 10.17%,-
30111,26.60%, 58.05%, 31.45%,-
31001,44.29%, 68.73%, 24.44%,-
31003,71.59%, 83.27%, 11.67%,-
31005,83.15%, 89.38%, 6.23%,-
31007,84.08%, 88.81%, 4.73%,-
31009,77.60%, 87.07%, 9.46%,-
31011,64.89%, 79.14%, 14.25%,-
31013,53.86%, 73.46%, 19.60%,-
31015,73.96%, 85.03%, 11.07%,-
31017,77.14%, 86.73%, 9.58%,-
31019,46.41%, 68.95%, 22.54%,-
31021,40.39%, 66.53%, 26.14%,-
31023,59.98%, 77.34%, 17.36%,-
31025,38.41%, 65.35%, 26.94%,-
31027,66.99%, 79.91%, 12.92%,-
31029,77.82%, 86.83%, 9.01%,-
31031,73.96%, 84.12%, 10.17%,-
31033,62.70%, 77.80%, 15.09%,-
31035,63.46%, 79.02%, 15.56%,-
31037,40.82%, 67.55%, 26.73%,-
31039,58.98%, 76.63%, 17.65%,-
31041,71.73%, 83.07%, 11.34%,-
31043,20.74%, 57.59%, 36.85%,-
31045,49.81%, 71.60%, 21.79%,-
31047,44.56%, 69.30%, 24.74%,-
31049,70.02%, 82.22%, 12.20%,-
31051,53.38%, 73.36%, 19.99%,-
31053,34.70%, 63.96%, 29.26%,-
31055,2.38%, 44.95%, 47.33%,-
31057,77.02%, 86.36%, 9.34%,-
31059,51.58%, 72.42%, 20.84%,-
31061,65.57%, 80.51%, 14.94%,-
31063,71.46%, 83.58%, 12.12%,-
31065,69.10%, 82.09%, 12.99%,-
31067,34.29%, 63.50%, 29.21%,-
31069,66.60%, 80.84%, 14.23%,-
31071,71.43%, 83.78%, 12.35%,-
31073,62.18%, 78.61%, 16.44%,-
31075,85.68%, 90.62%, 4.94%,-
31077,59.74%, 77.62%, 17.87%,-
31079,36.84%, 65.31%, 28.48%,-
31081,58.05%, 75.60%, 17.55%,-
31083,67.79%, 81.66%, 13.86%,-
31085,85.99%, 91.83%, 5.84%,-
31087,72.96%, 83.92%, 10.97%,-
31089,74.70%, 85.07%, 10.38%,-
31091,75.54%, 85.13%, 9.59%,-
31093,58.12%, 76.29%, 18.17%,-
31095,44.71%, 68.66%, 23.96%,-
31097,37.91%, 64.86%, 26.95%,-
31099,60.10%, 76.79%, 16.69%,-
31101,66.04%, 80.19%, 14.15%,-
31103,80.92%, 88.63%, 7.71%,-
31105,65.59%, 79.31%, 13.71%,-
31107,59.98%, 77.47%, 17.50%,-
31109,0.23%, 45.21%, 45.44%,-
31111,57.35%, 75.41%, 18.06%,-
31113,81.24%, 88.30%, 7.06%,-
31115,71.43%, 83.90%, 12.47%,-
31117,84.67%, 89.55%, 4.88%,-
31119,55.20%, 74.10%, 18.90%,-
31121,61.35%, 77.24%, 15.89%,-
31123,68.72%, 81.58%, 12.86%,-
31125,60.46%, 77.79%, 17.33%,-
31127,42.11%, 66.94%, 24.83%,-
31129,62.27%, 78.28%, 16.01%,-
31131,38.02%, 65.17%, 27.16%,-
31133,52.37%, 73.40%, 21.02%,-
31135,72.58%, 83.64%, 11.07%,-
31137,69.80%, 81.98%, 12.18%,-
31139,73.55%, 84.08%, 10.52%,-
31141,57.64%, 75.97%, 18.33%,-
31143,62.55%, 78.54%, 16.00%,-
31145,69.88%, 82.36%, 12.48%,-
31147,51.27%, 72.77%, 21.50%,-
31149,77.32%, 86.09%, 8.77%,-
31151,24.75%, 58.49%, 33.74%,-
31153,21.23%, 56.02%, 34.79%,-
31155,46.34%, 69.57%, 23.23%,-
31157,47.98%, 70.38%, 22.40%,-
31159,45.18%, 68.85%, 23.67%,-
31161,73.77%, 84.78%, 11.00%,-
31163,51.49%, 73.11%, 21.61%,-
31165,72.69%, 83.70%, 11.01%,-
31167,63.19%, 78.08%, 14.89%,-
31169,57.70%, 76.25%, 18.55%,-
31171,79.90%, 87.53%, 7.63%,-
31173,5.94%, 49.95%, 44.01%,-
31175,65.35%, 80.73%, 15.37%,-
31177,44.32%, 68.54%, 24.22%,-
31179,49.21%, 71.32%, 22.11%,-
31181,59.95%, 77.87%, 17.92%,-
31183,67.74%, 81.08%, 13.33%,-
31185,55.07%, 73.66%, 18.59%,-
32001,51.38%, 71.59%, 20.20%,-
32003,10.71%, 41.72%, 52.43%,-
32005,32.14%, 62.45%, 30.32%,-
32007,54.69%, 73.02%, 18.33%,-
32009,62.41%, 77.78%, 15.37%,-
32011,76.00%, 84.66%, 8.67%,-
32013,48.73%, 70.28%, 21.55%,-
32015,59.06%, 75.76%, 16.70%,-
32017,65.01%, 78.38%, 13.37%,-
32019,41.49%, 67.36%, 25.86%,-
32021,27.14%, 59.04%, 31.90%,-
32023,42.00%, 68.00%, 26.00%,-
32027,49.09%, 70.79%, 21.70%,-
32029,33.78%, 63.17%, 29.40%,-
32031,1.25%, 45.14%, 46.39%,-
32033,53.43%, 72.17%, 18.74%,-
32510,14.05%, 52.47%, 38.42%,-
33001,16.54%, 55.11%, 38.57%,-
33003,5.56%, 49.42%, 43.85%,-
33005,12.38%, 40.28%, 52.66%,-
33007,8.89%, 50.89%, 42.00%,-
33009,18.56%, 37.14%, 55.69%,-
33011,0.20%, 46.70%, 46.50%,-
33013,3.02%, 45.04%, 48.06%,-
33015,5.76%, 49.85%, 44.09%,-
33017,8.44%, 42.13%, 50.57%,-
33019,2.58%, 47.60%, 45.01%,-
34001,6.98%, 44.64%, 51.61%,-
34003,13.19%, 41.57%, 54.76%,-
34005,14.67%, 40.34%, 55.01%,-
34007,32.35%, 31.71%, 64.06%,-
34009,19.68%, 57.75%, 38.07%,-
34011,6.11%, 45.01%, 51.11%,-
34013,56.78%, 20.19%, 76.97%,-
34015,0.48%, 47.82%, 47.34%,-
34017,52.09%, 22.24%, 74.32%,-
34019,13.70%, 54.02%, 40.33%,-
34021,37.06%, 29.23%, 66.29%,-
34023,21.33%, 37.42%, 58.76%,-
34025,9.30%, 52.47%, 43.17%,-
34027,4.27%, 49.72%, 45.46%,-
34029,33.22%, 64.71%, 31.49%,-
34031,22.35%, 37.15%, 59.50%,-
34033,15.00%, 54.87%, 39.88%,-
34035,12.85%, 41.70%, 54.55%,-
34037,29.87%, 62.08%, 32.21%,-
34039,35.47%, 30.47%, 65.94%,-
34041,25.31%, 60.10%, 34.78%,-
35001,17.74%, 34.48%, 52.22%,-
35003,50.61%, 71.45%, 20.84%,-
35005,36.20%, 63.50%, 27.30%,-
35006,6.77%, 39.63%, 46.40%,-
35007,8.55%, 48.48%, 39.93%,-
35009,44.23%, 67.58%, 23.34%,-
35011,46.92%, 68.13%, 21.21%,-
35013,17.80%, 35.92%, 53.71%,-
35015,41.26%, 66.85%, 25.59%,-
35017,7.71%, 41.28%, 48.99%,-
35019,20.53%, 32.57%, 53.09%,-
35021,29.41%, 59.01%, 29.60%,-
35023,6.73%, 48.61%, 41.88%,-
35025,48.36%, 70.55%, 22.19%,-
35027,40.05%, 66.23%, 26.19%,-
35028,20.24%, 30.86%, 51.10%,-
35029,3.88%, 47.68%, 43.80%,-
35031,39.04%, 23.52%, 62.55%,-
35033,35.68%, 27.24%, 62.93%,-
35035,28.73%, 59.26%, 30.53%,-
35037,33.45%, 61.93%, 28.47%,-
35039,40.28%, 24.19%, 64.47%,-
35041,40.84%, 65.28%, 24.44%,-
35043,2.92%, 41.99%, 44.91%,-
35045,32.71%, 60.61%, 27.90%,-
35047,46.25%, 21.51%, 67.76%,-
35049,51.04%, 20.06%, 71.10%,-
35051,26.98%, 58.10%, 31.11%,-
35053,10.15%, 38.09%, 48.24%,-
35055,52.04%, 17.87%, 69.91%,-
35057,30.50%, 58.73%, 28.23%,-
35059,52.64%, 71.45%, 18.80%,-
35061,8.60%, 47.89%, 39.29%,-
36001,25.22%, 34.19%, 59.41%,-
36003,40.89%, 67.01%, 26.12%,-
36005,79.06%, 9.46%, 88.52%,-
36007,2.01%, 47.57%, 45.56%,-
36009,32.72%, 63.19%, 30.48%,-
36011,11.64%, 52.41%, 40.76%,-
36013,23.05%, 58.25%, 35.20%,-
36015,17.55%, 55.64%, 38.09%,-
36017,25.53%, 59.13%, 33.61%,-
36019,1.90%, 45.01%, 46.91%,-
36021,4.94%, 44.51%, 49.46%,-
36023,5.58%, 48.90%, 43.33%,-
36025,26.85%, 60.34%, 33.48%,-
36027,0.35%, 47.20%, 47.55%,-
36029,6.41%, 44.45%, 50.86%,-
36031,1.14%, 46.22%, 45.08%,-
36033,5.45%, 48.50%, 43.05%,-
36035,32.84%, 63.46%, 30.62%,-
36037,35.05%, 63.99%, 28.94%,-
36039,25.71%, 59.29%, 33.58%,-
36041,34.57%, 64.00%, 29.43%,-
36043,32.82%, 63.60%, 30.79%,-
36045,20.80%, 56.92%, 36.12%,-
36047,62.00%, 17.51%, 79.51%,-
36049,37.56%, 65.34%, 27.78%,-
36051,21.95%, 57.57%, 35.62%,-
36053,14.20%, 53.01%, 38.81%,-
36055,14.95%, 39.27%, 54.23%,-
36057,24.70%, 59.31%, 34.61%,-
36059,5.93%, 45.26%, 51.19%,-
36061,76.85%, 9.71%, 86.56%,-
36063,17.75%, 56.23%, 38.48%,-
36065,19.44%, 56.52%, 37.08%,-
36067,13.76%, 40.13%, 53.89%,-
36069,7.26%, 49.81%, 42.54%,-
36071,5.50%, 50.42%, 44.91%,-
36073,39.47%, 66.76%, 27.29%,-
36075,21.99%, 57.47%, 35.48%,-
36077,11.13%, 51.85%, 40.72%,-
36079,15.77%, 55.65%, 39.88%,-
36081,53.60%, 21.76%, 75.35%,-
36083,1.41%, 47.13%, 45.72%,-
36085,15.08%, 56.05%, 40.97%,-
36087,6.24%, 45.09%, 51.33%,-
36089,8.82%, 50.93%, 42.11%,-
36091,3.21%, 47.83%, 44.62%,-
36093,7.13%, 43.03%, 50.16%,-
36095,32.68%, 62.85%, 30.18%,-
36097,22.33%, 57.57%, 35.24%,-
36099,11.01%, 51.76%, 40.75%,-
36101,34.06%, 63.88%, 29.82%,-
36103,6.84%, 51.46%, 44.62%,-
36105,11.23%, 53.18%, 41.96%,-
36107,25.71%, 59.46%, 33.75%,-
36109,43.39%, 24.30%, 67.69%,-
36111,9.95%, 41.80%, 51.75%,-
36113,8.47%, 50.15%, 41.68%,-
36115,18.40%, 55.49%, 37.09%,-
36117,24.96%, 58.91%, 33.95%,-
36119,33.68%, 31.20%, 64.88%,-
36121,49.36%, 71.93%, 22.57%,-
36123,19.88%, 56.23%, 36.35%,-
37001,12.62%, 54.55%, 41.93%,-
37003,55.42%, 76.04%, 20.62%,-
37005,47.19%, 71.76%, 24.57%,-
37007,12.83%, 42.73%, 55.56%,-
37009,44.04%, 70.11%, 26.07%,-
37011,55.87%, 76.35%, 20.48%,-
37013,24.14%, 60.75%, 36.61%,-
37015,24.84%, 36.97%, 61.82%,-
37017,9.39%, 53.78%, 44.40%,-
37019,28.44%, 62.50%, 34.06%,-
37021,14.20%, 40.10%, 54.30%,-
37023,38.51%, 67.42%, 28.91%,-
37025,19.61%, 57.69%, 38.08%,-
37027,50.10%, 73.30%, 23.20%,-
37029,45.39%, 70.83%, 25.45%,-
37031,44.02%, 70.32%, 26.31%,-
37033,11.15%, 54.44%, 43.29%,-
37035,37.47%, 66.79%, 29.32%,-
37037,9.94%, 42.92%, 52.86%,-
37039,56.30%, 76.47%, 20.17%,-
37041,14.14%, 55.53%, 41.39%,-
37043,51.08%, 73.83%, 22.75%,-
37045,30.25%, 63.75%, 33.50%,-
37047,21.95%, 60.14%, 38.19%,-
37049,21.49%, 59.00%, 37.51%,-
37051,15.95%, 40.21%, 56.16%,-
37053,49.33%, 72.33%, 22.99%,-
37055,21.61%, 58.44%, 36.83%,-
37057,48.37%, 72.56%, 24.19%,-
37059,47.49%, 71.71%, 24.22%,-
37061,18.86%, 58.58%, 39.72%,-
37063,59.50%, 18.16%, 77.66%,-
37065,32.00%, 33.20%, 65.19%,-
37067,10.37%, 42.61%, 52.98%,-
37069,11.51%, 53.90%, 42.39%,-
37071,31.75%, 64.09%, 32.33%,-
37073,9.07%, 53.30%, 44.23%,-
37075,60.34%, 78.77%, 18.43%,-
37077,2.49%, 49.69%, 47.19%,-
37079,9.50%, 54.03%, 44.53%,-
37081,19.89%, 38.10%, 57.98%,-
37083,26.69%, 35.88%, 62.57%,-
37085,23.61%, 59.95%, 36.33%,-
37087,27.52%, 61.60%, 34.08%,-
37089,27.47%, 61.55%, 34.08%,-
37091,37.41%, 30.42%, 67.84%,-
37093,10.78%, 42.57%, 53.35%,-
37095,14.02%, 55.90%, 41.88%,-
37097,36.36%, 66.31%, 29.96%,-
37099,11.53%, 52.74%, 41.22%,-
37101,30.28%, 63.29%, 33.01%,-
37103,17.70%, 57.92%, 40.21%,-
37105,12.93%, 54.66%, 41.74%,-
37107,3.65%, 50.78%, 47.13%,-
37109,47.25%, 71.97%, 24.73%,-
37111,49.82%, 73.30%, 23.48%,-
37113,40.89%, 68.38%, 27.50%,-
37115,25.35%, 60.19%, 34.84%,-
37117,0.43%, 49.29%, 48.86%,-
37119,29.41%, 32.89%, 62.29%,-
37121,57.88%, 77.59%, 19.71%,-
37123,25.82%, 61.79%, 35.96%,-
37125,29.08%, 62.62%, 33.54%,-
37127,0.18%, 48.92%, 48.75%,-
37129,3.90%, 49.46%, 45.56%,-
37131,26.02%, 36.37%, 62.39%,-
37133,34.32%, 64.97%, 30.65%,-
37135,50.24%, 22.54%, 72.78%,-
37137,26.35%, 61.98%, 35.63%,-
37139,2.50%, 47.04%, 49.54%,-
37141,29.71%, 63.26%, 33.54%,-
37143,27.70%, 62.27%, 34.57%,-
37145,17.09%, 57.02%, 39.93%,-
37147,7.62%, 44.32%, 51.94%,-
37149,27.74%, 61.90%, 34.16%,-
37151,56.11%, 76.55%, 20.43%,-
37153,9.74%, 53.72%, 43.98%,-
37155,4.27%, 50.82%, 46.54%,-
37157,29.81%, 63.46%, 33.65%,-
37159,36.37%, 66.51%, 30.14%,-
37161,47.38%, 72.16%, 24.79%,-
37163,16.55%, 57.23%, 40.68%,-
37165,7.63%, 44.92%, 52.55%,-
37167,49.70%, 73.42%, 23.71%,-
37169,55.22%, 75.90%, 20.69%,-
37171,50.26%, 73.52%, 23.26%,-
37173,22.35%, 58.21%, 35.86%,-
37175,22.17%, 58.87%, 36.70%,-
37177,14.66%, 56.07%, 41.40%,-
37179,30.62%, 63.10%, 32.48%,-
37181,24.51%, 36.70%, 61.22%,-
37183,20.21%, 37.16%, 57.38%,-
37185,32.50%, 32.66%, 65.16%,-
37187,15.34%, 41.59%, 56.93%,-
37189,1.47%, 45.68%, 47.15%,-
37191,11.38%, 54.33%, 42.95%,-
37193,54.68%, 75.89%, 21.21%,-
37195,5.59%, 45.97%, 51.56%,-
37197,60.83%, 78.76%, 17.93%,-
37199,32.02%, 64.11%, 32.09%,-
38001,56.90%, 74.63%, 17.73%,-
38003,29.25%, 59.13%, 29.88%,-
38005,4.33%, 46.20%, 41.87%,-
38007,72.07%, 81.82%, 9.75%,-
38009,50.31%, 71.38%, 21.06%,-
38011,68.21%, 80.92%, 12.70%,-
38013,73.76%, 85.08%, 11.31%,-
38015,45.13%, 67.80%, 22.68%,-
38017,10.46%, 49.26%, 38.80%,-
38019,43.92%, 67.65%, 23.73%,-
38021,46.24%, 69.26%, 23.02%,-
38023,51.03%, 71.12%, 20.10%,-
38025,63.00%, 78.96%, 15.96%,-
38027,35.42%, 64.26%, 28.84%,-
38029,73.80%, 84.65%, 10.85%,-
38031,52.01%, 72.19%, 20.19%,-
38033,72.83%, 83.18%, 10.34%,-
38035,18.08%, 53.81%, 35.74%,-
38037,66.84%, 80.23%, 13.40%,-
38039,43.40%, 66.96%, 23.56%,-
38041,68.06%, 81.02%, 12.96%,-
38043,67.73%, 80.74%, 13.01%,-
38045,45.51%, 68.85%, 23.34%,-
38047,72.54%, 83.22%, 10.68%,-
38049,55.32%, 72.70%, 17.38%,-
38051,59.82%, 76.07%, 16.25%,-
38053,63.61%, 78.55%, 14.94%,-
38055,52.29%, 72.62%, 20.34%,-
38057,67.02%, 80.29%, 13.26%,-
38059,52.15%, 71.60%, 19.45%,-
38061,33.17%, 62.88%, 29.71%,-
38063,28.48%, 59.70%, 31.22%,-
38065,69.91%, 81.61%, 11.70%,-
38067,48.43%, 70.03%, 21.60%,-
38069,48.58%, 69.39%, 20.81%,-
38071,32.27%, 60.64%, 28.37%,-
38073,15.77%, 51.29%, 35.52%,-
38075,61.25%, 76.80%, 15.55%,-
38077,35.60%, 62.79%, 27.19%,-
38079,23.49%, 32.41%, 55.90%,-
38081,19.73%, 54.48%, 34.75%,-
38083,70.52%, 82.59%, 12.07%,-
38085,40.42%, 21.10%, 61.53%,-
38087,74.19%, 84.19%, 10.00%,-
38089,64.94%, 79.17%, 14.23%,-
38091,17.72%, 53.85%, 36.14%,-
38093,41.56%, 66.15%, 24.60%,-
38095,36.99%, 63.35%, 26.36%,-
38097,26.04%, 57.59%, 31.55%,-
38099,39.43%, 64.60%, 25.17%,-
38101,46.80%, 67.98%, 21.18%,-
38103,57.78%, 75.37%, 17.58%,-
38105,65.07%, 78.62%, 13.55%,-
39001,55.49%, 75.88%, 20.38%,-
39003,37.19%, 65.94%, 28.75%,-
39005,47.51%, 70.72%, 23.20%,-
39007,18.80%, 56.62%, 37.83%,-
39009,16.88%, 38.22%, 55.10%,-
39011,61.69%, 78.41%, 16.73%,-
39013,39.33%, 67.37%, 28.04%,-
39015,51.93%, 74.04%, 22.12%,-
39017,27.62%, 61.13%, 33.51%,-
39019,46.39%, 70.38%, 23.99%,-
39021,44.06%, 69.24%, 25.18%,-
39023,19.19%, 56.88%, 37.69%,-
39025,40.81%, 67.54%, 26.72%,-
39027,52.07%, 73.74%, 21.67%,-
39029,41.39%, 68.13%, 26.74%,-
39031,43.25%, 68.87%, 25.63%,-
39033,46.49%, 70.42%, 23.93%,-
39035,35.16%, 30.25%, 65.41%,-
39037,60.71%, 78.17%, 17.46%,-
39039,34.44%, 63.70%, 29.26%,-
39041,15.80%, 54.50%, 38.69%,-
39043,9.48%, 51.89%, 42.41%,-
39045,26.42%, 60.25%, 33.83%,-
39047,46.79%, 71.18%, 24.39%,-
39049,25.85%, 33.93%, 59.78%,-
39051,35.78%, 64.20%, 28.42%,-
39053,55.32%, 75.53%, 20.21%,-
39055,24.99%, 59.66%, 34.68%,-
39057,23.63%, 58.53%, 34.90%,-
39059,42.57%, 68.75%, 26.18%,-
39061,10.28%, 42.45%, 52.73%,-
39063,40.22%, 66.74%, 26.52%,-
39065,46.92%, 70.56%, 23.64%,-
39067,47.99%, 71.75%, 23.76%,-
39069,39.46%, 66.19%, 26.73%,-
39071,55.13%, 75.43%, 20.30%,-
39073,36.52%, 65.72%, 29.20%,-
39075,62.42%, 78.52%, 16.10%,-
39077,36.13%, 64.90%, 28.77%,-
39079,48.80%, 72.22%, 23.42%,-
39081,35.30%, 65.15%, 29.85%,-
39083,37.89%, 66.14%, 28.25%,-
39085,15.24%, 54.83%, 39.59%,-
39087,43.73%, 69.76%, 26.03%,-
39089,28.54%, 61.28%, 32.74%,-
39091,52.09%, 73.49%, 21.40%,-
39093,0.09%, 47.54%, 47.63%,-
39095,17.67%, 38.07%, 55.74%,-
39097,39.33%, 66.76%, 27.43%,-
39099,3.25%, 46.24%, 49.48%,-
39101,34.12%, 64.06%, 29.94%,-
39103,24.55%, 59.47%, 34.92%,-
39105,50.28%, 72.79%, 22.51%,-
39107,64.73%, 80.24%, 15.51%,-
39109,45.13%, 69.84%, 24.71%,-
39111,46.78%, 71.03%, 24.25%,-
39113,0.73%, 47.68%, 46.95%,-
39115,41.61%, 68.41%, 26.80%,-
39117,49.06%, 71.60%, 22.54%,-
39119,34.72%, 64.59%, 29.86%,-
39121,55.11%, 75.33%, 20.22%,-
39123,19.51%, 56.52%, 37.01%,-
39125,48.46%, 71.47%, 23.01%,-
39127,40.33%, 67.73%, 27.40%,-
39129,42.34%, 68.55%, 26.21%,-
39131,36.51%, 66.12%, 29.61%,-
39133,9.87%, 52.07%, 42.20%,-
39135,53.77%, 74.69%, 20.91%,-
39137,63.84%, 79.34%, 15.50%,-
39139,37.00%, 66.02%, 29.02%,-
39141,27.14%, 61.02%, 33.88%,-
39143,22.58%, 57.68%, 35.10%,-
39145,36.83%, 66.28%, 29.46%,-
39147,30.69%, 61.30%, 30.62%,-
39149,60.21%, 78.01%, 17.81%,-
39151,17.17%, 55.85%, 38.68%,-
39153,8.54%, 43.03%, 51.57%,-
39155,6.22%, 50.71%, 44.49%,-
39157,35.40%, 64.70%, 29.29%,-
39159,37.47%, 65.34%, 27.87%,-
39161,56.44%, 76.03%, 19.59%,-
39163,45.70%, 70.09%, 24.39%,-
39165,37.12%, 65.63%, 28.51%,-
39167,41.44%, 68.07%, 26.63%,-
39169,34.33%, 64.26%, 29.93%,-
39171,43.80%, 68.98%, 25.18%,-
39173,7.99%, 50.13%, 42.14%,-
39175,46.56%, 70.20%, 23.64%,-
40001,52.28%, 73.50%, 21.22%,-
40003,76.04%, 85.61%, 9.57%,-
40005,65.54%, 81.39%, 15.84%,-
40007,81.01%, 88.85%, 7.85%,-
40009,70.82%, 83.53%, 12.71%,-
40011,57.29%, 76.03%, 18.75%,-
40013,55.54%, 75.83%, 20.29%,-
40015,43.45%, 69.34%, 25.89%,-
40017,51.22%, 72.34%, 21.12%,-
40019,52.61%, 74.20%, 21.59%,-
40021,27.52%, 60.61%, 33.09%,-
40023,57.85%, 77.52%, 19.66%,-
40025,82.67%, 89.25%, 6.58%,-
40027,21.66%, 57.14%, 35.48%,-
40029,61.98%, 79.12%, 17.13%,-
40031,23.71%, 58.91%, 35.20%,-
40033,62.64%, 78.94%, 16.30%,-
40035,52.39%, 74.04%, 21.64%,-
40037,54.58%, 74.84%, 20.26%,-
40039,54.28%, 74.24%, 19.96%,-
40041,54.18%, 75.25%, 21.07%,-
40043,77.54%, 87.41%, 9.88%,-
40045,79.69%, 88.18%, 8.48%,-
40047,53.49%, 73.74%, 20.25%,-
40049,60.67%, 78.26%, 17.59%,-
40051,60.28%, 77.70%, 17.42%,-
40053,69.92%, 83.01%, 13.08%,-
40055,61.13%, 78.16%, 17.04%,-
40057,50.15%, 73.18%, 23.03%,-
40059,78.99%, 87.93%, 8.94%,-
40061,59.50%, 78.11%, 18.62%,-
40063,53.62%, 74.86%, 21.23%,-
40065,57.60%, 76.47%, 18.87%,-
40067,65.74%, 81.28%, 15.53%,-
40069,57.42%, 76.98%, 19.56%,-
40071,50.19%, 72.44%, 22.25%,-
40073,71.28%, 84.10%, 12.82%,-
40075,52.36%, 74.32%, 21.96%,-
40077,56.78%, 76.43%, 19.65%,-
40079,58.72%, 77.59%, 18.87%,-
40081,60.06%, 77.39%, 17.33%,-
40083,49.45%, 71.83%, 22.38%,-
40085,57.72%, 77.12%, 19.40%,-
40087,60.95%, 78.12%, 17.17%,-
40089,63.90%, 80.70%, 16.80%,-
40091,42.47%, 69.13%, 26.66%,-
40093,77.43%, 86.53%, 9.10%,-
40095,56.63%, 76.58%, 19.96%,-
40097,51.74%, 73.52%, 21.78%,-
40099,55.86%, 75.52%, 19.66%,-
40101,29.18%, 62.12%, 32.94%,-
40103,57.69%, 76.16%, 18.47%,-
40105,60.87%, 78.38%, 17.51%,-
40107,47.10%, 71.01%, 23.92%,-
40109,10.50%, 51.68%, 41.18%,-
40111,32.68%, 64.12%, 31.44%,-
40113,36.80%, 66.31%, 29.51%,-
40115,47.21%, 71.38%, 24.17%,-
40117,53.19%, 74.31%, 21.12%,-
40119,28.32%, 59.98%, 31.66%,-
40121,52.35%, 73.84%, 21.49%,-
40123,45.81%, 70.33%, 24.52%,-
40125,46.49%, 70.12%, 23.63%,-
40127,63.19%, 79.88%, 16.69%,-
40129,79.36%, 87.95%, 8.58%,-
40131,56.31%, 75.65%, 19.34%,-
40133,44.07%, 69.84%, 25.77%,-
40135,54.21%, 75.42%, 21.20%,-
40137,61.97%, 79.21%, 17.24%,-
40139,65.10%, 79.95%, 14.84%,-
40141,47.56%, 71.84%, 24.28%,-
40143,22.83%, 58.39%, 35.56%,-
40145,52.02%, 73.50%, 21.48%,-
40147,48.49%, 71.21%, 22.71%,-
40149,70.52%, 83.22%, 12.70%,-
40151,66.11%, 80.34%, 14.23%,-
40153,72.07%, 83.57%, 11.49%,-
41001,50.36%, 70.83%, 20.47%,-
41003,32.30%, 27.58%, 59.88%,-
41005,6.40%, 41.30%, 47.70%,-
41007,5.67%, 41.39%, 47.05%,-
41009,11.46%, 49.65%, 38.20%,-
41011,23.69%, 57.05%, 33.37%,-
41013,48.26%, 69.92%, 21.66%,-
41015,23.09%, 57.19%, 34.10%,-
41017,3.30%, 46.36%, 43.07%,-
41019,38.28%, 64.61%, 26.34%,-
41021,42.39%, 65.85%, 23.45%,-
41023,56.94%, 73.96%, 17.03%,-
41025,56.09%, 73.28%, 17.19%,-
41027,29.68%, 29.99%, 59.67%,-
41029,8.62%, 49.27%, 40.66%,-
41031,26.46%, 57.97%, 31.50%,-
41033,30.23%, 60.42%, 30.19%,-
41035,43.35%, 66.98%, 23.63%,-
41037,60.64%, 76.90%, 16.26%,-
41039,18.55%, 34.98%, 53.53%,-
41041,9.75%, 39.75%, 49.50%,-
41043,26.38%, 57.03%, 30.65%,-
41045,47.42%, 68.94%, 21.52%,-
41047,4.08%, 46.31%, 42.23%,-
41049,40.89%, 65.30%, 24.41%,-
41051,56.28%, 17.03%, 73.30%,-
41053,6.25%, 47.00%, 40.75%,-
41055,52.11%, 71.98%, 19.86%,-
41057,5.58%, 47.37%, 41.79%,-
41059,34.01%, 61.81%, 27.80%,-
41061,39.96%, 65.01%, 25.05%,-
41063,39.67%, 65.23%, 25.56%,-
41065,8.79%, 48.75%, 39.96%,-
41067,26.02%, 30.90%, 56.92%,-
41069,53.30%, 72.25%, 18.95%,-
41071,8.10%, 47.69%, 39.59%,-
42001,35.86%, 65.49%, 29.64%,-
42003,16.45%, 39.48%, 55.94%,-
42005,51.17%, 73.70%, 22.53%,-
42007,18.51%, 57.03%, 38.52%,-
42009,67.30%, 82.72%, 15.42%,-
42011,9.88%, 52.49%, 42.61%,-
42013,45.49%, 70.72%, 25.22%,-
42015,45.30%, 69.81%, 24.51%,-
42017,0.78%, 47.74%, 48.52%,-
42019,36.56%, 65.71%, 29.15%,-
42021,36.79%, 66.46%, 29.67%,-
42023,48.40%, 72.69%, 24.29%,-
42025,33.83%, 64.65%, 30.82%,-
42027,2.35%, 45.64%, 47.98%,-
42029,9.37%, 42.53%, 51.90%,-
42031,47.02%, 71.21%, 24.20%,-
42033,48.43%, 72.16%, 23.73%,-
42035,34.05%, 64.65%, 30.60%,-
42037,31.82%, 63.16%, 31.34%,-
42039,37.09%, 66.12%, 29.03%,-
42041,17.81%, 55.94%, 38.13%,-
42043,2.92%, 46.18%, 49.10%,-
42045,22.29%, 36.97%, 59.27%,-
42047,42.47%, 68.99%, 26.52%,-
42049,1.56%, 48.01%, 46.44%,-
42051,30.96%, 64.33%, 33.38%,-
42053,43.70%, 69.57%, 25.88%,-
42055,45.82%, 70.59%, 24.77%,-
42057,70.10%, 83.47%, 13.37%,-
42059,40.12%, 68.37%, 28.25%,-
42061,50.12%, 72.97%, 22.85%,-
42063,35.05%, 65.29%, 30.24%,-
42065,58.93%, 77.57%, 18.64%,-
42067,61.19%, 78.45%, 17.27%,-
42069,3.45%, 46.35%, 49.80%,-
42071,19.12%, 56.33%, 37.21%,-
42073,27.80%, 61.91%, 34.11%,-
42075,34.55%, 64.90%, 30.35%,-
42077,4.74%, 45.77%, 50.51%,-
42079,19.31%, 57.90%, 38.60%,-
42081,44.22%, 69.69%, 25.47%,-
42083,46.25%, 70.71%, 24.46%,-
42085,24.25%, 59.70%, 35.45%,-
42087,54.58%, 75.28%, 20.71%,-
42089,0.76%, 47.86%, 48.63%,-
42091,21.28%, 37.10%, 58.38%,-
42093,28.41%, 61.80%, 33.39%,-
42095,3.78%, 49.62%, 45.84%,-
42097,42.40%, 68.93%, 26.53%,-
42099,51.40%, 73.07%, 21.67%,-
42101,66.98%, 15.32%, 82.30%,-
42103,26.05%, 61.51%, 35.46%,-
42105,63.58%, 80.31%, 16.73%,-
42107,42.96%, 69.42%, 26.46%,-
42109,46.85%, 71.12%, 24.28%,-
42111,55.45%, 75.90%, 20.45%,-
42113,49.14%, 73.05%, 23.92%,-
42115,40.79%, 67.69%, 26.90%,-
42117,52.55%, 73.66%, 21.11%,-
42119,25.10%, 60.03%, 34.93%,-
42121,41.27%, 68.09%, 26.81%,-
42123,39.77%, 67.68%, 27.91%,-
42125,24.52%, 60.06%, 35.54%,-
42127,38.45%, 67.63%, 29.18%,-
42129,30.99%, 63.51%, 32.52%,-
42131,37.92%, 66.67%, 28.75%,-
42133,28.84%, 61.78%, 32.94%,-
44001,22.16%, 35.19%, 57.35%,-
44003,0.67%, 46.72%, 46.05%,-
44005,18.94%, 36.73%, 55.67%,-
44007,20.93%, 36.58%, 57.51%,-
44009,9.81%, 41.03%, 50.84%,-
45001,28.05%, 62.77%, 34.72%,-
45003,27.48%, 61.49%, 34.01%,-
45005,54.18%, 21.97%, 76.14%,-
45007,43.66%, 69.87%, 26.21%,-
45009,27.26%, 35.47%, 62.73%,-
45011,5.16%, 51.54%, 46.39%,-
45013,13.73%, 54.66%, 40.93%,-
45015,17.46%, 56.07%, 38.61%,-
45017,2.83%, 50.17%, 47.33%,-
45019,7.86%, 42.78%, 50.64%,-
45021,41.71%, 69.70%, 28.00%,-
45023,4.83%, 51.19%, 46.36%,-
45025,14.80%, 56.16%, 41.36%,-
45027,2.25%, 47.98%, 50.22%,-
45029,8.49%, 52.70%, 44.21%,-
45031,3.71%, 50.51%, 46.80%,-
45033,1.68%, 48.19%, 49.87%,-
45035,17.47%, 55.92%, 38.45%,-
45037,20.19%, 58.76%, 38.57%,-
45039,25.90%, 35.74%, 61.64%,-
45041,4.94%, 51.05%, 46.11%,-
45043,12.88%, 54.93%, 42.04%,-
45045,24.79%, 59.41%, 34.62%,-
45047,21.73%, 58.97%, 37.24%,-
45049,19.10%, 39.61%, 58.71%,-
45051,37.52%, 67.17%, 29.65%,-
45053,6.73%, 45.39%, 52.12%,-
45055,24.87%, 60.50%, 35.63%,-
45057,25.44%, 60.91%, 35.47%,-
45059,29.84%, 63.30%, 33.46%,-
45061,29.38%, 34.37%, 63.74%,-
45063,36.69%, 65.55%, 28.86%,-
45065,3.32%, 50.84%, 47.53%,-
45067,21.89%, 38.13%, 60.02%,-
45069,16.24%, 41.07%, 57.31%,-
45071,22.61%, 59.60%, 36.99%,-
45073,48.10%, 71.88%, 23.78%,-
45075,36.98%, 30.66%, 67.64%,-
45077,52.77%, 73.88%, 21.11%,-
45079,32.91%, 31.10%, 64.01%,-
45081,31.68%, 64.53%, 32.85%,-
45083,29.96%, 62.99%, 33.03%,-
45085,12.03%, 42.52%, 54.55%,-
45087,19.29%, 58.39%, 39.11%,-
45089,33.80%, 32.31%, 66.12%,-
45091,22.00%, 58.37%, 36.37%,-
46003,45.06%, 69.23%, 24.16%,-
46005,37.55%, 65.79%, 28.23%,-
46007,22.11%, 57.96%, 35.86%,-
46009,47.11%, 70.78%, 23.67%,-
46011,14.74%, 53.22%, 38.48%,-
46013,25.82%, 59.66%, 33.83%,-
46015,43.44%, 68.40%, 24.96%,-
46017,25.51%, 34.90%, 60.41%,-
46019,61.16%, 77.15%, 16.00%,-
46021,72.08%, 84.72%, 12.64%,-
46023,42.15%, 69.39%, 27.24%,-
46025,44.72%, 68.74%, 24.02%,-
46027,9.84%, 41.61%, 51.45%,-
46029,39.33%, 66.54%, 27.20%,-
46031,4.51%, 50.04%, 45.53%,-
46033,46.01%, 69.75%, 23.74%,-
46035,35.24%, 64.85%, 29.62%,-
46037,23.77%, 59.23%, 35.46%,-
46039,38.27%, 65.67%, 27.40%,-
46041,9.66%, 42.33%, 51.99%,-
46043,70.03%, 83.36%, 13.33%,-
46045,54.90%, 74.71%, 19.81%,-
46047,47.43%, 70.47%, 23.04%,-
46049,58.50%, 76.74%, 18.25%,-
46051,39.59%, 66.84%, 27.24%,-
46053,57.82%, 76.52%, 18.70%,-
46055,82.28%, 89.66%, 7.38%,-
46057,54.16%, 74.26%, 20.09%,-
46059,58.14%, 76.51%, 18.37%,-
46061,53.49%, 74.63%, 21.14%,-
46063,85.32%, 90.26%, 4.94%,-
46065,33.32%, 63.29%, 29.97%,-
46067,54.23%, 74.80%, 20.56%,-
46069,60.58%, 78.70%, 18.12%,-
46071,36.44%, 65.94%, 29.50%,-
46073,39.71%, 67.01%, 27.30%,-
46075,68.28%, 80.65%, 12.37%,-
46077,38.30%, 65.86%, 27.56%,-
46079,25.41%, 59.50%, 34.10%,-
46081,34.24%, 62.58%, 28.34%,-
46083,29.42%, 61.43%, 32.01%,-
46085,42.79%, 68.75%, 25.97%,-
46087,45.26%, 69.35%, 24.08%,-
46089,61.57%, 78.45%, 16.89%,-
46091,15.51%, 54.24%, 38.73%,-
46093,53.51%, 72.64%, 19.13%,-
46095,24.01%, 58.86%, 34.85%,-
46097,39.94%, 66.35%, 26.41%,-
46099,14.61%, 53.72%, 39.11%,-
46101,23.46%, 59.02%, 35.56%,-
46103,32.95%, 62.43%, 29.48%,-
46105,71.30%, 83.00%, 11.71%,-
46107,64.02%, 80.10%, 16.08%,-
46109,15.53%, 55.13%, 39.60%,-
46111,51.47%, 72.93%, 21.46%,-
46113,78.11%, 8.30%, 86.40%,-
46115,31.68%, 62.83%, 31.14%,-
46117,52.27%, 73.26%, 21.00%,-
46119,62.95%, 78.86%, 15.91%,-
46121,47.91%, 22.92%, 70.82%,-
46123,61.10%, 78.67%, 17.57%,-
46125,47.61%, 70.77%, 23.16%,-
46127,38.79%, 66.99%, 28.20%,-
46129,58.09%, 76.54%, 18.45%,-
46135,24.50%, 58.81%, 34.30%,-
46137,1.96%, 47.98%, 46.02%,-
47001,34.13%, 64.30%, 30.16%,-
47003,52.69%, 74.80%, 22.11%,-
47005,51.23%, 74.53%, 23.29%,-
47007,58.43%, 77.66%, 19.23%,-
47009,48.54%, 71.72%, 23.18%,-
47011,58.70%, 76.99%, 18.28%,-
47013,60.82%, 78.76%, 17.94%,-
47015,54.20%, 75.40%, 21.21%,-
47017,52.28%, 74.69%, 22.41%,-
47019,63.77%, 80.15%, 16.38%,-
47021,46.59%, 70.94%, 24.35%,-
47023,58.98%, 78.09%, 19.10%,-
47025,63.04%, 80.09%, 17.06%,-
47027,49.11%, 73.32%, 24.21%,-
47029,64.41%, 80.74%, 16.34%,-
47031,48.44%, 72.19%, 23.75%,-
47033,49.64%, 73.78%, 24.14%,-
47035,57.70%, 77.44%, 19.73%,-
47037,25.82%, 33.95%, 59.77%,-
47039,58.67%, 78.14%, 19.47%,-
47041,51.79%, 74.35%, 22.56%,-
47043,45.52%, 70.77%, 25.25%,-
47045,55.22%, 76.33%, 21.12%,-
47047,37.03%, 67.31%, 30.29%,-
47049,67.34%, 82.34%, 15.00%,-
47051,43.64%, 70.30%, 26.66%,-
47053,43.63%, 70.53%, 26.90%,-
47055,45.37%, 71.56%, 26.19%,-
47057,68.33%, 82.74%, 14.41%,-
47059,60.83%, 78.71%, 17.88%,-
47061,55.36%, 76.34%, 20.97%,-
47063,56.94%, 76.63%, 19.69%,-
47065,16.44%, 55.29%, 38.84%,-
47067,68.18%, 82.61%, 14.43%,-
47069,7.92%, 53.05%, 45.13%,-
47071,64.23%, 80.53%, 16.30%,-
47073,63.26%, 80.14%, 16.88%,-
47075,10.21%, 44.09%, 54.30%,-
47077,62.03%, 79.65%, 17.62%,-
47079,49.79%, 73.45%, 23.66%,-
47081,49.55%, 72.89%, 23.35%,-
47083,41.54%, 68.88%, 27.34%,-
47085,41.42%, 68.92%, 27.50%,-
47087,47.18%, 72.46%, 25.28%,-
47089,59.15%, 77.47%, 18.32%,-
47091,67.21%, 82.23%, 15.02%,-
47093,23.74%, 58.53%, 34.80%,-
47095,39.59%, 68.88%, 29.29%,-
47097,22.60%, 60.39%, 37.79%,-
47099,61.27%, 79.28%, 18.01%,-
47101,58.31%, 77.56%, 19.26%,-
47103,58.77%, 77.90%, 19.13%,-
47105,54.26%, 75.29%, 21.03%,-
47107,59.62%, 78.33%, 18.72%,-
47109,59.70%, 78.11%, 18.41%,-
47111,69.18%, 83.46%, 14.29%,-
47113,15.44%, 55.97%, 40.52%,-
47115,44.78%, 70.85%, 26.07%,-
47117,46.55%, 71.44%, 24.90%,-
47119,38.91%, 67.29%, 28.38%,-
47121,57.55%, 77.36%, 19.81%,-
47123,59.60%, 78.24%, 18.64%,-
47125,18.47%, 56.13%, 37.66%,-
47127,62.51%, 79.46%, 16.95%,-
47129,65.43%, 81.15%, 15.72%,-
47131,57.96%, 77.77%, 19.81%,-
47133,49.99%, 73.63%, 23.64%,-
47135,54.99%, 75.90%, 20.91%,-
47137,56.79%, 77.28%, 20.50%,-
47139,58.97%, 78.17%, 19.20%,-
47141,44.65%, 69.83%, 25.18%,-
47143,60.73%, 78.29%, 17.56%,-
47145,50.96%, 73.28%, 22.32%,-
47147,47.11%, 71.59%, 24.48%,-
47149,25.88%, 60.05%, 34.17%,-
47151,71.74%, 84.85%, 13.11%,-
47153,59.50%, 77.99%, 18.49%,-
47155,61.50%, 78.84%, 17.34%,-
47157,27.46%, 34.48%, 61.95%,-
47159,51.17%, 73.88%, 22.71%,-
47161,49.86%, 72.92%, 23.06%,-
47163,55.24%, 75.43%, 20.20%,-
47165,44.71%, 70.11%, 25.40%,-
47167,47.38%, 72.02%, 24.64%,-
47169,36.61%, 66.55%, 29.94%,-
47171,61.28%, 78.82%, 17.54%,-
47173,64.69%, 80.89%, 16.20%,-
47175,52.96%, 75.24%, 22.28%,-
47177,44.12%, 70.09%, 25.97%,-
47179,42.67%, 68.85%, 26.18%,-
47181,73.74%, 85.98%, 12.24%,-
47183,51.18%, 73.93%, 22.75%,-
47185,59.30%, 78.08%, 18.78%,-
47187,35.00%, 64.19%, 29.18%,-
47189,44.10%, 69.46%, 25.36%,-
48001,57.91%, 77.76%, 19.84%,-
48003,62.53%, 79.45%, 16.91%,-
48005,47.24%, 72.44%, 25.20%,-
48007,50.18%, 73.63%, 23.45%,-
48009,79.20%, 88.40%, 9.20%,-
48011,83.64%, 90.50%, 6.86%,-
48013,29.01%, 63.03%, 34.02%,-
48015,59.61%, 78.52%, 18.90%,-
48017,52.82%, 74.96%, 22.14%,-
48019,63.00%, 79.89%, 16.89%,-
48021,20.24%, 57.38%, 37.14%,-
48023,71.78%, 84.52%, 12.74%,-
48025,15.32%, 55.91%, 40.59%,-
48027,14.95%, 54.74%, 39.79%,-
48029,13.43%, 40.76%, 54.19%,-
48031,52.21%, 74.09%, 21.88%,-
48033,81.92%, 90.41%, 8.49%,-
48035,64.57%, 80.88%, 16.31%,-
48037,46.49%, 72.03%, 25.54%,-
48039,24.42%, 60.07%, 35.65%,-
48041,23.24%, 57.64%, 34.40%,-
48043,4.80%, 48.85%, 44.05%,-
48045,72.55%, 84.92%, 12.36%,-
48047,51.00%, 23.61%, 74.61%,-
48049,74.12%, 85.68%, 11.56%,-
48051,54.96%, 76.38%, 21.42%,-
48053,56.45%, 76.22%, 19.77%,-
48055,15.68%, 55.33%, 39.65%,-
48057,36.18%, 66.59%, 30.41%,-
48059,77.00%, 87.20%, 10.20%,-
48061,32.50%, 32.01%, 64.51%,-
48063,42.73%, 70.48%, 27.74%,-
48065,79.99%, 88.39%, 8.40%,-
48067,59.42%, 78.79%, 19.37%,-
48069,44.47%, 70.81%, 26.34%,-
48071,61.90%, 79.47%, 17.56%,-
48073,56.28%, 76.94%, 20.66%,-
48075,74.33%, 86.47%, 12.14%,-
48077,76.54%, 87.23%, 10.68%,-
48079,54.27%, 75.36%, 21.09%,-
48081,79.06%, 88.90%, 9.84%,-
48083,76.56%, 87.21%, 10.65%,-
48085,16.71%, 55.62%, 38.91%,-
48087,72.49%, 85.03%, 12.54%,-
48089,50.96%, 74.30%, 23.34%,-
48091,49.69%, 72.59%, 22.90%,-
48093,67.67%, 82.74%, 15.07%,-
48095,69.01%, 82.87%, 13.86%,-
48097,67.87%, 82.61%, 14.74%,-
48099,39.23%, 66.98%, 27.74%,-
48101,67.65%, 82.68%, 15.03%,-
48103,54.19%, 75.79%, 21.60%,-
48105,43.58%, 70.25%, 26.67%,-
48107,41.26%, 68.34%, 27.08%,-
48109,22.69%, 36.51%, 59.19%,-
48111,67.29%, 81.67%, 14.38%,-
48113,26.11%, 34.64%, 60.75%,-
48115,50.55%, 73.98%, 23.44%,-
48117,40.94%, 69.05%, 28.11%,-
48119,62.95%, 80.49%, 17.54%,-
48121,19.99%, 57.13%, 37.13%,-
48123,63.65%, 80.64%, 16.99%,-
48125,68.98%, 83.06%, 14.08%,-
48127,37.18%, 30.20%, 67.38%,-
48129,70.58%, 83.62%, 13.04%,-
48131,35.20%, 31.57%, 66.77%,-
48133,75.18%, 86.33%, 11.14%,-
48135,40.44%, 68.49%, 28.06%,-
48137,41.29%, 69.52%, 28.24%,-
48139,45.06%, 70.58%, 25.53%,-
48141,43.14%, 25.94%, 69.08%,-
48143,65.14%, 80.69%, 15.55%,-
48145,33.48%, 65.57%, 32.09%,-
48147,61.57%, 79.28%, 17.70%,-
48149,59.06%, 78.24%, 19.19%,-
48151,49.86%, 73.16%, 23.31%,-
48153,53.04%, 75.24%, 22.21%,-
48155,52.63%, 74.66%, 22.03%,-
48157,6.64%, 44.76%, 51.39%,-
48159,66.67%, 81.85%, 15.18%,-
48161,59.28%, 78.42%, 19.14%,-
48163,13.36%, 42.18%, 55.55%,-
48165,71.65%, 84.57%, 12.92%,-
48167,24.49%, 60.01%, 35.52%,-
48169,67.05%, 82.55%, 15.50%,-
48171,61.74%, 79.05%, 17.31%,-
48173,85.93%, 91.56%, 5.63%,-
48175,44.42%, 70.66%, 26.24%,-
48177,47.62%, 72.42%, 24.80%,-
48179,78.31%, 87.78%, 9.47%,-
48181,52.78%, 74.50%, 21.72%,-
48183,40.93%, 68.90%, 27.97%,-
48185,51.10%, 74.11%, 23.01%,-
48187,31.55%, 63.35%, 31.81%,-
48189,48.15%, 71.87%, 23.72%,-
48191,66.82%, 81.85%, 15.03%,-
48193,71.30%, 84.53%, 13.23%,-
48195,80.07%, 88.85%, 8.78%,-
48197,63.32%, 79.78%, 16.46%,-
48199,73.86%, 86.07%, 12.20%,-
48201,12.34%, 41.61%, 53.95%,-
48203,43.69%, 70.62%, 26.94%,-
48205,79.76%, 88.63%, 8.86%,-
48207,61.53%, 79.27%, 17.74%,-
48209,0.83%, 46.87%, 46.04%,-
48211,75.58%, 86.25%, 10.68%,-
48213,59.85%, 78.72%, 18.87%,-
48215,40.46%, 28.05%, 68.50%,-
48217,58.30%, 77.93%, 19.64%,-
48219,62.22%, 79.46%, 17.23%,-
48221,66.16%, 81.42%, 15.26%,-
48223,60.55%, 79.09%, 18.54%,-
48225,50.60%, 74.28%, 23.68%,-
48227,55.80%, 76.09%, 20.29%,-
48229,20.55%, 57.75%, 37.20%,-
48231,55.50%, 75.77%, 20.27%,-
48233,75.88%, 86.35%, 10.47%,-
48235,74.41%, 86.16%, 11.75%,-
48237,79.37%, 88.75%, 9.37%,-
48239,63.41%, 80.46%, 17.05%,-
48241,59.76%, 79.06%, 19.30%,-
48243,22.92%, 58.35%, 35.43%,-
48245,0.48%, 48.92%, 48.44%,-
48247,56.87%, 20.29%, 77.16%,-
48249,10.29%, 43.78%, 54.08%,-
48251,57.97%, 77.04%, 19.07%,-
48253,65.15%, 80.86%, 15.70%,-
48255,43.35%, 70.63%, 27.27%,-
48257,46.79%, 71.70%, 24.91%,-
48259,59.93%, 78.03%, 18.11%,-
48261,8.06%, 45.16%, 53.23%,-
48263,69.35%, 82.95%, 13.59%,-
48265,56.00%, 76.09%, 20.09%,-
48267,76.38%, 86.94%, 10.55%,-
48269,90.57%, 93.71%, 3.14%,-
48271,33.43%, 65.45%, 32.03%,-
48273,3.67%, 45.91%, 49.58%,-
48275,60.79%, 78.86%, 18.07%,-
48277,58.99%, 78.24%, 19.25%,-
48279,58.57%, 77.87%, 19.30%,-
48281,59.74%, 77.82%, 18.07%,-
48283,12.48%, 42.35%, 54.83%,-
48285,71.32%, 84.83%, 13.51%,-
48287,55.47%, 76.47%, 20.99%,-
48289,73.69%, 85.91%, 12.22%,-
48291,57.82%, 77.85%, 20.04%,-
48293,51.92%, 74.89%, 22.97%,-
48295,76.88%, 87.01%, 10.14%,-
48297,63.27%, 80.52%, 17.25%,-
48299,61.97%, 79.44%, 17.47%,-
48301,83.08%, 89.23%, 6.15%,-
48303,38.00%, 66.31%, 28.30%,-
48305,56.89%, 76.95%, 20.06%,-
48307,66.71%, 82.24%, 15.53%,-
48309,26.81%, 61.03%, 34.22%,-
48311,82.97%, 90.98%, 8.02%,-
48313,57.59%, 78.13%, 20.54%,-
48315,42.90%, 70.39%, 27.49%,-
48317,67.48%, 82.58%, 15.10%,-
48319,63.30%, 80.51%, 17.21%,-
48321,39.90%, 68.60%, 28.70%,-
48323,55.79%, 20.72%, 76.52%,-
48325,43.20%, 70.07%, 26.87%,-
48327,61.11%, 78.94%, 17.82%,-
48329,54.76%, 75.13%, 20.37%,-
48331,49.78%, 73.45%, 23.67%,-
48333,76.08%, 86.90%, 10.82%,-
48335,64.94%, 81.06%, 16.12%,-
48337,77.19%, 87.47%, 10.29%,-
48339,51.06%, 73.46%, 22.40%,-
48341,54.49%, 75.26%, 20.78%,-
48343,40.64%, 69.29%, 28.65%,-
48345,85.53%, 92.03%, 6.50%,-
48347,35.03%, 65.29%, 30.26%,-
48349,48.63%, 72.99%, 24.35%,-
48351,56.60%, 77.48%, 20.89%,-
48353,51.95%, 73.13%, 21.19%,-
48355,1.50%, 48.62%, 47.12%,-
48357,78.41%, 87.54%, 9.13%,-
48359,81.43%, 89.66%, 8.23%,-
48361,61.81%, 79.73%, 17.92%,-
48363,64.03%, 80.66%, 16.63%,-
48365,63.46%, 81.08%, 17.62%,-
48367,67.11%, 81.79%, 14.69%,-
48369,57.99%, 77.66%, 19.67%,-
48371,21.84%, 58.97%, 37.13%,-
48373,55.35%, 76.45%, 21.09%,-
48375,41.79%, 68.51%, 26.73%,-
48377,36.50%, 29.53%, 66.03%,-
48379,71.05%, 84.41%, 13.36%,-
48381,64.63%, 80.03%, 15.41%,-
48383,59.96%, 78.43%, 18.47%,-
48385,66.63%, 82.21%, 15.59%,-
48387,53.81%, 76.07%, 22.26%,-
48389,7.60%, 44.50%, 52.10%,-
48391,27.00%, 62.08%, 35.07%,-
48393,90.97%, 94.58%, 3.61%,-
48395,35.04%, 66.35%, 31.31%,-
48397,47.05%, 71.22%, 24.17%,-
48399,73.96%, 85.93%, 11.98%,-
48401,56.54%, 77.26%, 20.72%,-
48403,72.76%, 85.96%, 13.20%,-
48405,47.97%, 73.47%, 25.50%,-
48407,58.21%, 77.92%, 19.70%,-
48409,23.82%, 60.17%, 36.35%,-
48411,73.48%, 85.91%, 12.43%,-
48413,57.88%, 77.53%, 19.64%,-
48415,69.52%, 83.38%, 13.86%,-
48417,84.77%, 91.62%, 6.85%,-
48419,59.66%, 79.01%, 19.35%,-
48421,76.04%, 86.31%, 10.27%,-
48423,43.21%, 69.52%, 26.31%,-
48425,68.39%, 82.27%, 13.88%,-
48427,60.18%, 18.94%, 79.12%,-
48429,77.61%, 87.66%, 10.05%,-
48431,75.67%, 86.73%, 11.06%,-
48433,59.91%, 79.17%, 19.26%,-
48435,53.81%, 75.92%, 22.10%,-
48437,54.85%, 75.82%, 20.96%,-
48439,8.61%, 51.74%, 43.14%,-
48441,50.62%, 72.66%, 22.04%,-
48443,33.79%, 65.75%, 31.96%,-
48445,50.85%, 73.29%, 22.44%,-
48447,78.09%, 88.49%, 10.40%,-
48449,41.55%, 69.13%, 27.57%,-
48451,47.61%, 71.45%, 23.84%,-
48453,38.63%, 27.14%, 65.77%,-
48455,59.87%, 79.15%, 19.28%,-
48457,67.07%, 82.63%, 15.57%,-
48459,67.63%, 82.49%, 14.86%,-
48461,53.53%, 74.76%, 21.23%,-
48463,10.80%, 53.94%, 43.14%,-
48465,7.89%, 43.25%, 51.14%,-
48467,71.60%, 84.39%, 12.79%,-
48469,39.87%, 68.36%, 28.49%,-
48471,34.32%, 65.08%, 30.77%,-
48473,28.50%, 62.74%, 34.25%,-
48475,51.20%, 73.93%, 22.73%,-
48477,51.00%, 73.81%, 22.81%,-
48479,51.59%, 22.75%, 74.35%,-
48481,40.12%, 68.89%, 28.77%,-
48483,82.09%, 90.50%, 8.41%,-
48485,49.48%, 72.49%, 23.01%,-
48487,57.42%, 77.13%, 19.71%,-
48489,36.80%, 30.36%, 67.16%,-
48491,9.70%, 51.30%, 41.59%,-
48493,47.39%, 72.04%, 24.65%,-
48495,52.40%, 74.79%, 22.39%,-
48497,69.66%, 83.43%, 13.77%,-
48499,69.79%, 83.84%, 14.04%,-
48501,59.53%, 78.03%, 18.50%,-
48503,74.28%, 85.65%, 11.37%,-
48505,32.91%, 32.75%, 65.66%,-
48507,57.18%, 20.44%, 77.62%,-
49001,60.48%, 73.37%, 10.54%,-
49003,40.11%, 61.53%, 11.48%,-
49005,15.93%, 45.25%, 18.33%,-
49007,44.48%, 65.95%, 21.47%,-
49009,53.25%, 69.39%, 16.14%,-
49011,16.03%, 44.35%, 20.51%,-
49013,68.37%, 78.82%, 7.16%,-
49015,70.57%, 79.37%, 8.81%,-
49017,53.24%, 68.52%, 15.27%,-
49019,0.33%, 42.93%, 42.60%,-
49021,49.40%, 64.84%, 13.74%,-
49023,48.92%, 66.97%, 10.47%,-
49025,43.09%, 64.04%, 20.95%,-
49027,59.61%, 73.26%, 8.18%,-
49029,38.33%, 61.40%, 11.11%,-
49031,79.42%, 85.87%, 6.45%,-
49033,56.18%, 71.87%, 9.38%,-
49035,8.93%, 32.58%, 41.50%,-
49037,10.90%, 47.80%, 36.90%,-
49039,45.23%, 65.12%, 10.35%,-
49041,67.30%, 77.88%, 8.03%,-
49043,15.18%, 35.11%, 50.29%,-
49045,29.14%, 50.86%, 20.82%,-
49047,64.63%, 76.26%, 7.73%,-
49049,20.45%, 50.18%, 14.01%,-
49051,24.88%, 49.85%, 24.97%,-
49053,51.89%, 68.38%, 16.49%,-
49055,48.74%, 67.74%, 19.00%,-
49057,19.89%, 46.78%, 26.89%,-
50001,31.12%, 27.83%, 58.95%,-
50003,20.79%, 34.09%, 54.88%,-
50005,6.47%, 39.32%, 45.79%,-
50007,43.41%, 22.30%, 65.71%,-
50009,16.65%, 51.49%, 34.84%,-
50011,2.80%, 40.88%, 43.67%,-
50013,14.77%, 36.19%, 50.96%,-
50015,28.77%, 27.97%, 56.74%,-
50017,17.30%, 34.18%, 51.48%,-
50019,0.22%, 42.83%, 43.04%,-
50021,3.90%, 42.14%, 46.04%,-
50023,34.10%, 25.71%, 59.81%,-
50025,39.26%, 24.10%, 63.36%,-
50027,29.91%, 28.75%, 58.66%,-
51001,11.65%, 54.26%, 42.61%,-
51003,24.83%, 33.95%, 58.78%,-
51005,36.97%, 66.54%, 29.57%,-
51007,36.65%, 66.88%, 30.23%,-
51009,30.28%, 63.13%, 32.85%,-
51011,46.17%, 71.46%, 25.30%,-
51013,59.20%, 16.64%, 75.83%,-
51015,49.49%, 71.99%, 22.50%,-
51017,41.94%, 68.71%, 26.76%,-
51019,49.13%, 72.10%, 22.97%,-
51021,67.54%, 81.97%, 14.43%,-
51023,47.39%, 71.38%, 23.98%,-
51025,18.71%, 39.72%, 58.43%,-
51027,60.29%, 78.90%, 18.61%,-
51029,11.28%, 54.19%, 42.91%,-
51031,46.80%, 71.00%, 24.20%,-
51033,5.02%, 50.16%, 45.14%,-
51035,59.35%, 78.09%, 18.74%,-
51036,24.84%, 35.94%, 60.77%,-
51037,22.80%, 59.91%, 37.11%,-
51041,2.25%, 48.22%, 45.97%,-
51043,19.60%, 56.75%, 37.15%,-
51045,57.29%, 76.68%, 19.38%,-
51047,25.16%, 60.08%, 34.92%,-
51049,13.47%, 54.97%, 41.50%,-
51051,55.85%, 76.58%, 20.73%,-
51053,12.39%, 54.86%, 42.47%,-
51057,2.14%, 49.46%, 47.32%,-
51059,35.82%, 28.61%, 64.43%,-
51061,24.44%, 59.07%, 34.63%,-
51063,37.18%, 65.75%, 28.57%,-
51065,9.31%, 51.68%, 42.38%,-
51067,41.94%, 68.85%, 26.91%,-
51069,34.99%, 64.50%, 29.51%,-
51071,48.22%, 71.97%, 23.75%,-
51073,39.21%, 66.75%, 27.54%,-
51075,24.90%, 59.73%, 34.83%,-
51077,57.45%, 76.76%, 19.31%,-
51079,31.45%, 61.88%, 30.44%,-
51081,18.82%, 39.81%, 58.63%,-
51083,16.52%, 57.10%, 40.58%,-
51085,32.28%, 63.18%, 30.90%,-
51087,20.84%, 36.60%, 57.44%,-
51089,29.10%, 63.13%, 34.03%,-
51091,42.20%, 68.87%, 26.67%,-
51093,20.51%, 57.91%, 37.40%,-
51095,5.10%, 49.35%, 44.26%,-
51097,17.10%, 56.88%, 39.78%,-
51099,27.67%, 60.92%, 33.25%,-
51101,35.15%, 65.33%, 30.18%,-
51103,9.84%, 53.02%, 43.18%,-
51105,62.94%, 80.25%, 17.31%,-
51107,16.85%, 38.21%, 55.06%,-
51109,24.51%, 59.78%, 35.27%,-
51111,17.49%, 57.36%, 39.87%,-
51113,31.75%, 63.32%, 31.57%,-
51115,36.79%, 66.22%, 29.43%,-
51117,13.40%, 55.46%, 42.05%,-
51119,25.96%, 60.99%, 35.03%,-
51121,1.31%, 45.22%, 46.53%,-
51125,5.59%, 49.98%, 44.39%,-
51127,37.37%, 66.36%, 28.99%,-
51131,9.23%, 43.55%, 52.77%,-
51133,19.60%, 58.16%, 38.56%,-
51135,13.09%, 55.04%, 41.95%,-
51137,26.43%, 60.93%, 34.50%,-
51139,49.51%, 72.91%, 23.41%,-
51141,54.97%, 75.71%, 20.74%,-
51143,39.10%, 68.21%, 29.11%,-
51145,46.33%, 70.38%, 24.04%,-
51147,5.36%, 44.85%, 50.21%,-
51149,16.92%, 56.58%, 39.66%,-
51153,21.09%, 36.51%, 57.60%,-
51155,40.55%, 68.06%, 27.51%,-
51157,17.67%, 56.64%, 38.97%,-
51159,23.65%, 60.45%, 36.79%,-
51161,27.59%, 61.00%, 33.41%,-
51163,29.38%, 61.88%, 32.50%,-
51165,44.35%, 69.33%, 24.98%,-
51167,58.72%, 77.75%, 19.03%,-
51169,66.00%, 81.65%, 15.65%,-
51171,43.01%, 68.72%, 25.71%,-
51173,54.97%, 75.64%, 20.67%,-
51175,16.23%, 56.75%, 40.52%,-
51177,16.65%, 55.35%, 38.70%,-
51179,9.04%, 51.37%, 42.33%,-
51181,10.71%, 43.02%, 53.74%,-
51183,16.34%, 40.74%, 57.08%,-
51185,66.10%, 81.70%, 15.59%,-
51187,36.79%, 65.58%, 28.80%,-
51191,53.27%, 74.75%, 21.48%,-
51193,7.14%, 51.88%, 44.74%,-
51195,61.89%, 79.71%, 17.81%,-
51197,54.59%, 75.38%, 20.78%,-
51199,17.11%, 55.22%, 38.11%,-
51510,58.02%, 17.54%, 75.56%,-
51515,0%,-,-,-
51520,43.50%, 69.62%, 26.11%,-
51530,30.62%, 59.41%, 28.79%,-
51540,66.50%, 13.17%, 79.68%,-
51550,1.26%, 47.97%, 46.71%,-
51570,39.19%, 67.18%, 27.99%,-
51580,18.26%, 56.63%, 38.37%,-
51590,19.83%, 38.56%, 58.39%,-
51595,31.32%, 33.35%, 64.67%,-
51600,30.47%, 30.78%, 61.25%,-
51610,57.95%, 17.07%, 75.02%,-
51620,27.04%, 34.99%, 62.03%,-
51630,26.32%, 33.26%, 59.58%,-
51640,38.80%, 67.47%, 28.66%,-
51650,37.59%, 28.75%, 66.34%,-
51660,21.96%, 34.81%, 56.77%,-
51670,9.31%, 43.13%, 52.44%,-
51678,30.34%, 31.08%, 61.42%,-
51680,8.95%, 50.43%, 41.48%,-
51683,16.03%, 38.63%, 54.66%,-
51685,28.12%, 33.12%, 61.24%,-
51690,23.43%, 36.38%, 59.81%,-
51700,26.64%, 33.67%, 60.31%,-
51710,42.54%, 25.85%, 68.39%,-
51720,43.70%, 69.93%, 26.23%,-
51730,76.67%, 10.53%, 87.20%,-
51735,48.64%, 70.95%, 22.31%,-
51740,36.30%, 29.58%, 65.87%,-
51750,4.72%, 43.37%, 48.09%,-
51760,63.51%, 15.07%, 78.58%,-
51770,19.00%, 37.47%, 56.47%,-
51775,24.74%, 59.11%, 34.37%,-
51790,1.78%, 45.61%, 47.38%,-
51800,12.20%, 41.64%, 53.84%,-
51810,3.54%, 48.38%, 44.84%,-
51820,11.27%, 52.16%, 40.90%,-
51830,43.02%, 25.24%, 68.27%,-
51840,3.51%, 44.91%, 48.42%,-
53001,37.53%, 64.85%, 27.32%,-
53003,26.14%, 57.57%, 31.42%,-
53005,24.92%, 56.46%, 31.53%,-
53007,14.76%, 52.61%, 37.85%,-
53009,2.76%, 46.37%, 43.61%,-
53011,0.15%, 44.34%, 44.49%,-
53013,43.56%, 67.16%, 23.60%,-
53015,13.32%, 51.30%, 37.99%,-
53017,29.46%, 60.39%, 30.93%,-
53019,30.30%, 60.43%, 30.13%,-
53021,17.55%, 53.65%, 36.10%,-
53023,45.18%, 67.22%, 22.04%,-
53025,36.60%, 63.29%, 26.69%,-
53027,6.99%, 48.01%, 41.02%,-
53029,5.64%, 41.71%, 47.34%,-
53031,31.70%, 28.91%, 60.62%,-
53033,48.81%, 21.04%, 69.85%,-
53035,10.98%, 38.07%, 49.05%,-
53037,13.52%, 52.31%, 38.79%,-
53039,14.40%, 52.28%, 37.87%,-
53041,35.05%, 62.48%, 27.43%,-
53043,48.87%, 70.09%, 21.23%,-
53045,5.81%, 47.16%, 41.35%,-
53047,19.12%, 55.49%, 36.36%,-
53049,6.74%, 48.85%, 42.11%,-
53051,34.76%, 62.33%, 27.57%,-
53053,7.14%, 40.78%, 47.92%,-
53055,40.27%, 24.14%, 64.42%,-
53057,3.37%, 42.60%, 45.97%,-
53059,11.94%, 50.23%, 38.29%,-
53061,16.06%, 36.16%, 52.22%,-
53063,8.33%, 48.06%, 39.72%,-
53065,40.15%, 64.80%, 24.65%,-
53067,15.03%, 36.23%, 51.27%,-
53069,21.08%, 55.33%, 34.25%,-
53071,15.09%, 52.05%, 36.96%,-
53073,17.42%, 35.82%, 53.24%,-
53075,4.12%, 41.06%, 45.19%,-
53077,13.10%, 52.34%, 39.24%,-
54001,54.04%, 74.02%, 19.98%,-
54003,36.72%, 65.13%, 28.41%,-
54005,53.70%, 74.09%, 20.39%,-
54007,43.45%, 69.35%, 25.90%,-
54009,41.84%, 68.33%, 26.49%,-
54011,25.02%, 59.10%, 34.08%,-
54013,59.86%, 77.14%, 17.29%,-
54015,57.83%, 76.79%, 18.96%,-
54017,69.72%, 82.36%, 12.64%,-
54019,39.20%, 66.91%, 27.72%,-
54021,52.38%, 73.52%, 21.13%,-
54023,77.22%, 87.53%, 10.31%,-
54025,40.71%, 67.18%, 26.47%,-
54027,58.90%, 77.11%, 18.20%,-
54029,44.11%, 69.59%, 25.48%,-
54031,54.97%, 75.33%, 20.36%,-
54033,39.00%, 66.14%, 27.14%,-
54035,51.67%, 73.31%, 21.64%,-
54037,15.04%, 53.88%, 38.84%,-
54039,20.27%, 57.03%, 36.76%,-
54041,56.62%, 76.04%, 19.42%,-
54043,53.92%, 74.36%, 20.44%,-
54045,62.74%, 79.56%, 16.82%,-
54047,51.09%, 74.11%, 23.02%,-
54049,32.97%, 62.78%, 29.81%,-
54051,50.54%, 72.40%, 21.86%,-
54053,54.27%, 74.54%, 20.26%,-
54055,54.75%, 75.03%, 20.28%,-
54057,60.15%, 77.71%, 17.56%,-
54059,68.78%, 83.19%, 14.41%,-
54061,10.15%, 50.14%, 39.98%,-
54063,56.94%, 75.92%, 18.98%,-
54065,53.75%, 74.09%, 20.33%,-
54067,56.49%, 75.70%, 19.21%,-
54069,31.00%, 61.16%, 30.16%,-
54071,51.29%, 73.69%, 22.40%,-
54073,54.64%, 74.17%, 19.53%,-
54075,42.67%, 67.92%, 25.25%,-
54077,55.37%, 74.73%, 19.35%,-
54079,47.22%, 70.56%, 23.34%,-
54081,52.20%, 73.76%, 21.55%,-
54083,44.62%, 69.55%, 24.93%,-
54085,70.86%, 82.95%, 12.08%,-
54087,48.15%, 71.14%, 22.99%,-
54089,46.29%, 70.61%, 24.32%,-
54091,49.17%, 71.79%, 22.61%,-
54093,51.81%, 73.26%, 21.45%,-
54095,67.42%, 81.15%, 13.73%,-
54097,56.35%, 75.34%, 18.99%,-
54099,50.79%, 72.67%, 21.87%,-
54101,57.99%, 76.45%, 18.47%,-
54103,50.06%, 71.59%, 21.53%,-
54105,62.96%, 78.90%, 15.94%,-
54107,47.23%, 70.53%, 23.29%,-
54109,69.61%, 83.08%, 13.48%,-
55001,21.92%, 58.89%, 36.97%,-
55003,11.49%, 41.12%, 52.61%,-
55005,25.25%, 60.05%, 34.80%,-
55007,8.62%, 42.90%, 51.53%,-
55009,10.72%, 52.10%, 41.38%,-
55011,21.82%, 57.99%, 36.17%,-
55013,28.16%, 61.91%, 33.75%,-
55015,21.53%, 57.78%, 36.25%,-
55017,19.10%, 56.75%, 37.66%,-
55019,32.41%, 63.28%, 30.87%,-
55021,2.14%, 47.69%, 45.55%,-
55023,5.40%, 49.64%, 44.24%,-
55025,47.33%, 23.04%, 70.37%,-
55027,29.40%, 61.83%, 32.42%,-
55029,3.22%, 48.77%, 45.55%,-
55031,7.53%, 42.87%, 50.39%,-
55033,11.09%, 51.96%, 40.87%,-
55035,7.29%, 42.40%, 49.69%,-
55037,46.42%, 71.46%, 25.04%,-
55039,26.32%, 59.89%, 33.57%,-
55041,26.58%, 61.32%, 34.74%,-
55043,9.43%, 50.68%, 41.25%,-
55045,2.26%, 45.79%, 48.05%,-
55047,37.42%, 66.02%, 28.60%,-
55049,15.15%, 39.18%, 54.33%,-
55051,22.94%, 59.24%, 36.29%,-
55053,11.74%, 52.94%, 41.20%,-
55055,15.89%, 54.32%, 38.44%,-
55057,26.05%, 60.76%, 34.71%,-
55059,0.31%, 47.23%, 46.92%,-
55061,27.78%, 61.47%, 33.69%,-
55063,9.47%, 41.43%, 50.89%,-
55065,8.99%, 51.91%, 42.91%,-
55067,31.69%, 63.60%, 31.91%,-
55069,20.60%, 57.10%, 36.51%,-
55071,21.35%, 56.99%, 35.64%,-
55073,18.03%, 56.12%, 38.09%,-
55075,33.00%, 64.50%, 31.50%,-
55077,24.09%, 59.68%, 35.58%,-
55078,56.19%, 20.41%, 76.61%,-
55079,36.90%, 28.58%, 65.48%,-
55081,21.85%, 57.65%, 35.80%,-
55083,36.65%, 66.04%, 29.40%,-
55085,18.68%, 56.35%, 37.66%,-
55087,12.57%, 53.10%, 40.53%,-
55089,18.87%, 55.84%, 36.97%,-
55091,23.08%, 59.06%, 35.98%,-
55093,13.44%, 52.73%, 39.29%,-
55095,27.46%, 60.72%, 33.26%,-
55097,3.17%, 44.84%, 48.02%,-
55099,25.00%, 60.24%, 35.24%,-
55101,4.28%, 49.50%, 45.22%,-
55103,5.50%, 49.73%, 44.23%,-
55105,10.31%, 41.40%, 51.71%,-
55107,33.76%, 64.39%, 30.63%,-
55109,18.40%, 55.19%, 36.80%,-
55111,0.35%, 47.20%, 46.85%,-
55113,18.41%, 56.75%, 38.34%,-
55115,33.83%, 64.46%, 30.63%,-
55117,15.92%, 54.40%, 38.48%,-
55119,44.20%, 69.46%, 25.27%,-
55121,12.64%, 53.82%, 41.18%,-
55123,4.43%, 49.06%, 44.63%,-
55125,24.95%, 60.00%, 35.05%,-
55127,19.76%, 56.16%, 36.41%,-
55129,23.43%, 59.13%, 35.70%,-
55131,40.24%, 67.41%, 27.17%,-
55133,26.65%, 59.99%, 33.34%,-
55135,29.73%, 62.12%, 32.39%,-
55137,32.10%, 63.50%, 31.40%,-
55139,7.34%, 49.86%, 42.52%,-
55141,19.23%, 56.85%, 37.61%,-
56001,4.17%, 44.56%, 40.39%,-
56003,65.13%, 76.49%, 11.36%,-
56005,79.42%, 86.70%, 7.28%,-
56007,49.11%, 69.17%, 20.07%,-
56009,72.92%, 82.96%, 10.04%,-
56011,80.37%, 87.51%, 7.14%,-
56013,40.93%, 65.60%, 24.67%,-
56015,60.28%, 76.22%, 15.94%,-
56017,59.51%, 74.98%, 15.47%,-
56019,64.27%, 78.72%, 14.44%,-
56021,32.40%, 60.65%, 28.25%,-
56023,63.93%, 76.38%, 12.45%,-
56025,50.90%, 70.62%, 19.72%,-
56027,76.18%, 84.93%, 8.75%,-
56029,56.84%, 73.63%, 16.79%,-
56031,60.01%, 75.89%, 15.88%,-
56033,50.58%, 70.75%, 20.17%,-
56035,62.98%, 77.65%, 14.67%,-
56037,52.09%, 70.95%, 18.86%,-
56039,26.87%, 31.05%, 57.92%,-
56041,58.47%, 72.66%, 14.19%,-
56043,62.38%, 76.32%, 13.95%,-
56045,77.54%, 86.02%, 8.48%,-
60010,0%,-,-,-
60020,0%,-,-,-
60030,0%,-,-,-
60040,0%,-,-,-
60050,0%,-,-,-
66010,0%,-,-,-
69085,0%,-,-,-
69100,0%,-,-,-
69110,0%,-,-,-
69120,0%,-,-,-
72001,0%,-,-,-
72003,0%,-,-,-
72005,0%,-,-,-
72007,0%,-,-,-
72009,0%,-,-,-
72011,0%,-,-,-
72013,0%,-,-,-
72015,0%,-,-,-
72017,0%,-,-,-
72019,0%,-,-,-
72021,0%,-,-,-
72023,0%,-,-,-
72025,0%,-,-,-
72027,0%,-,-,-
72029,0%,-,-,-
72031,0%,-,-,-
72033,0%,-,-,-
72035,0%,-,-,-
72037,0%,-,-,-
72039,0%,-,-,-
72041,0%,-,-,-
72043,0%,-,-,-
72045,0%,-,-,-
72047,0%,-,-,-
72049,0%,-,-,-
72051,0%,-,-,-
72053,0%,-,-,-
72054,0%,-,-,-
72055,0%,-,-,-
72057,0%,-,-,-
72059,0%,-,-,-
72061,0%,-,-,-
72063,0%,-,-,-
72065,0%,-,-,-
72067,0%,-,-,-
72069,0%,-,-,-
72071,0%,-,-,-
72073,0%,-,-,-
72075,0%,-,-,-
72077,0%,-,-,-
72079,0%,-,-,-
72081,0%,-,-,-
72083,0%,-,-,-
72085,0%,-,-,-
72087,0%,-,-,-
72089,0%,-,-,-
72091,0%,-,-,-
72093,0%,-,-,-
72095,0%,-,-,-
72097,0%,-,-,-
72099,0%,-,-,-
72101,0%,-,-,-
72103,0%,-,-,-
72105,0%,-,-,-
72107,0%,-,-,-
72109,0%,-,-,-
72111,0%,-,-,-
72113,0%,-,-,-
72115,0%,-,-,-
72117,0%,-,-,-
72119,0%,-,-,-
72121,0%,-,-,-
72123,0%,-,-,-
72125,0%,-,-,-
72127,0%,-,-,-
72129,0%,-,-,-
72131,0%,-,-,-
72133,0%,-,-,-
72135,0%,-,-,-
72137,0%,-,-,-
72139,0%,-,-,-
72141,0%,-,-,-
72143,0%,-,-,-
72145,0%,-,-,-
72147,0%,-,-,-
72149,0%,-,-,-
72151,0%,-,-,-
72153,0%,-,-,-
74300,0%,-,-,-
78010,0%,-,-,-
78020,0%,-,-,-
78030,0%,-,-,-
